/*
Navicat MySQL Data Transfer

Source Server         : 本机
Source Server Version : 50539
Source Host           : 127.0.0.1:3306
Source Database       : lrh

Target Server Type    : MYSQL
Target Server Version : 50539
File Encoding         : 65001

Date: 2016-04-17 23:17:11
*/

SET FOREIGN_KEY_CHECKS=0;

-- ----------------------------
-- Table structure for blog
-- ----------------------------
DROP TABLE IF EXISTS `blog`;
CREATE TABLE `blog` (
  `id` bigint(20) NOT NULL AUTO_INCREMENT,
  `user_id` int(11) NOT NULL,
  `title` varchar(64) NOT NULL,
  `content` text NOT NULL,
  `status` smallint(2) NOT NULL DEFAULT '0',
  `public_type` smallint(2) NOT NULL DEFAULT '1',
  `type` varchar(12) DEFAULT NULL,
  `add_time` varchar(24) DEFAULT NULL,
  `public_to_users` varchar(2048) DEFAULT NULL,
  `read_number` int(11) DEFAULT '0',
  `simple_content` varchar(512) DEFAULT NULL,
  `last_edit_time` varchar(24) DEFAULT NULL,
  `first_img` varchar(128) DEFAULT NULL,
  PRIMARY KEY (`id`),
  KEY `blog_user_FK` (`user_id`),
  CONSTRAINT `blog_user_FK` FOREIGN KEY (`user_id`) REFERENCES `user` (`id`) ON DELETE CASCADE ON UPDATE NO ACTION
) ENGINE=InnoDB AUTO_INCREMENT=16 DEFAULT CHARSET=utf8;

-- ----------------------------
-- Records of blog
-- ----------------------------
INSERT INTO `blog` VALUES ('1', '6', '第一篇日记', '<p>\n	说好的去吃<strong><span style=\"color:#E53333;font-size:18px;\">水煮鱼</span></strong>的,可是<img src=\"http://www.lrh.com/resources/kindEditor/plugins/emoticons/images/9.gif\" border=\"0\" alt=\"\" />餐厅手工了\n</p>\n<blockquote>\n	<p>\n		今后要去哪吃晚餐呢?\n	</p>\n</blockquote>\n<blockquote>\n	<blockquote>\n		<p>\n			I\'m so sad !<img src=\"http://www.lrh.com/resources/kindEditor/plugins/emoticons/images/5.gif\" border=\"0\" alt=\"\" />\n		</p>\n		<p style=\"text-align:center;\">\n			<img src=\"http://www.lrh.com/loadImg?imgPath=F:/LRH/upload/file/editor/test123/image/20160131/20160131202212_348.jpeg\" alt=\"\" />\n		</p>\n	</blockquote>\n</blockquote>', '1', '1', '100002', '2016-01-31 20:35:58', null, '0', null, null, null);
INSERT INTO `blog` VALUES ('7', '6', '开发笔记', '//------------------cookie操作------------------------<br/><br/>&nbsp;&nbsp;//保存<br/><br/>&nbsp;&nbsp;functionsetCookie(name,value){<br/><br/>varDays=30;<br/><br/>varexp=newDate();<br/><br/>exp.setTime(exp.getTime()+Days*24*60*60*1000);<br/><br/>document.cookie=name+\"=\"+escape(value)+\";expires=\"+exp.toGMTString();<br/><br/>}<br/><br/>&nbsp;&nbsp;//获取<br/><br/>&nbsp;&nbsp;functiongetCookie(name){<br/><br/>&nbsp;&nbsp;vararr,reg=newRegExp(\"(^|)\"+name+\"=([^;]*)(;|$)\");<br/><br/>&nbsp;&nbsp;if(arr=document.cookie.match(reg))<br/><br/>&nbsp;&nbsp;returnunescape(arr[2]);<br/><br/>&nbsp;&nbsp;else<br/><br/>&nbsp;&nbsp;returnnull;<br/><br/>&nbsp;&nbsp;}<br/><br/>&nbsp;&nbsp;//删除<br/><br/>&nbsp;&nbsp;functiondelCookie(name){<br/><br/>&nbsp;&nbsp;varexp=newDate();<br/><br/>&nbsp;&nbsp;exp.setTime(exp.getTime()-1);<br/><br/>&nbsp;&nbsp;varcval=getCookie(name);<br/><br/>&nbsp;&nbsp;if(cval!=null)<br/><br/>&nbsp;&nbsp;document.cookie=name+\"=\"+cval+\";expires=\"+exp.toGMTString();<br/><br/>&nbsp;&nbsp;}<br/><br/>//------------------------------------------primaryface---------弹出提示---------------------------------------<br/><br/>FacesMessagemessage=newFacesMessage(FacesMessage.SEVERITY_ERROR,\"操作成功\",\"内容已加入通知列表！\");<br/><br/>FacesContext.getCurrentInstance().addMessage(null,message);<br/><br/><br/><br/>页面上<br/><br/>&lt;!--提示信息--&gt;<br/><br/>&lt;h:formprependId=\"false\"id=\"messageform\"&gt;<br/><br/>&lt;p:growllife=\"4000\"id=\"growl\"showDetail=\"false\"/&gt;<br/><br/>&lt;/h:form&gt;&nbsp;<br/><br/><br/><br/>//--------------------------------------mybatis模糊查询--------------------------------------------------<br/><br/>1.CONCAT(CONCAT(\'%\',#{studentName}),\'%\')&nbsp;&nbsp;<br/><br/>2.\'%${name}%\'<br/><br/><br/><br/>//------------------------------js捕获窗口关闭事件------------------------------------<br/><br/>functionwindow.onbeforeunload(){alert(\"关闭窗口\")}&nbsp;<br/><br/><br/><br/>//-----------------------------------primaryface------------------只显示一行分页---------<br/><br/>&nbsp;paginatorPosition=\"bottom\"<br/><br/>//---------------------回调+错误提示,可用于没有选择数据而直接点击删除-------------------------------<br/><br/>RequestContextcontext=RequestContext.getCurrentInstance();<br/><br/>context.addCallbackParam(\"notOpenDialog\",true);<br/><br/><br/><br/>throwException(\"添加单元出错\",\"可添加区或栋，不允许直接添加单元!\");<br/><br/><br/><br/>------------------------------------------提交时,校验参数----------------<br/><br/>if(args.validationFailed)<br/><br/>===================================页面正则验证===========================<br/><br/>&lt;!--新增正则验证--&gt;<br/><br/>&lt;f:validateRegexpattern=\"^1((3\\d)|(4[57])|(7[\\d])|(5[01256789])|(8\\d))\\d{8}$\"/&gt;<br/><br/><br/><br/><br/><br/>==========================================================================================&gt;导出excel<br/><br/>&lt;h:commandLinkid=\"excel\"&gt;<br/><br/>&lt;p:commandButtonvalue=\"导出\"icon=\"ui-icon-arrowthick-1-s\"title=\"导出excel文件\"/&gt;<br/><br/>&lt;p:dataExportertype=\"xls\"target=\"deviceFirmwaredataTable2\"fileName=\"device\"/&gt;<br/><br/>&lt;/h:commandLink&gt;<br/><br/><br/><br/>===================================&gt;UUID<br/><br/>Stringuuid=UUID.randomUUID().toString();<br/><br/>==============================================================Linux命令=============================&gt;<br/><br/>ps-ef|greptomcat//查看tomcat进程<br/><br/><br/><br/>1、把/home目录下面的mydata目录压缩为mydata.zip<br/><br/>zip-rmydata.zipmydata#压缩mydata目录<br/><br/>2、把/home目录下面的mydata.zip解压到mydatabak目录里面<br/><br/>unzipmydata.zip-dmydatabak<br/><br/>3、把/home目录下面的abc文件夹和123.txt压缩成为abc123.zip<br/><br/>zip-rabc123.zipabc123.txt<br/><br/>4、把/home目录下面的wwwroot.zip直接解压到/home目录里面<br/><br/>unzipwwwroot.zip<br/><br/><br/><br/>rm-rf/var/log/httpd/access<br/><br/>将会删除/var/log/httpd/access目录以及其下所有文件、文件夹<br/><br/><br/><br/>rm-f/var/log/httpd/access.log<br/><br/>将会强制删除/var/log/httpd/access.log这个文件<br/><br/>//=====================修改文件===================<br/><br/>vim+目录+i(插入)+esc(退出插入)+:wq(保存)&nbsp;<br/><br/><br/><br/>//=======================百度开发者账号======================百度前端开发API:http://developer.baidu.com/map/jsdemo.htm#a1_2<br/><br/>账号:yongsamas@gmail.com<br/><br/>密码:18390094242.sy<br/><br/>百度地图AK:aGp1V2gvGcOumkECRiFqiaw1<br/><br/>SK:NFDrMepQQqCe4SvqzaV2Y9U0CKaEcvxw<br/><br/>//======================百度地图接口调用实例===========================<br/><br/>&lt;!DOCTYPEhtml&gt;<br/><br/>&lt;html&gt;<br/><br/>&lt;head&gt;<br/><br/>&lt;metahttp-equiv=\"Content-Type\"content=\"text/html;charset=utf-8\"/&gt;<br/><br/>&lt;metaname=\"viewport\"content=\"initial-scale=1.0,user-scalable=no\"/&gt;<br/><br/>&lt;styletype=\"text/css\"&gt;<br/><br/>body,html,#allmap{width:100%;height:100%;overflow:hidden;margin:0;font-family:\"微软雅黑\";}<br/><br/>&lt;/style&gt;<br/><br/>&lt;scripttype=\"text/javascript\"src=\"http://api.map.baidu.com/api?v=2.0&amp;ak=您的密钥\"&gt;&lt;/script&gt;<br/><br/>&lt;title&gt;地图展示&lt;/title&gt;<br/><br/>&lt;/head&gt;<br/><br/>&lt;body&gt;<br/><br/>&lt;divid=\"allmap\"&gt;&lt;/div&gt;<br/><br/>&lt;/body&gt;<br/><br/>&lt;/html&gt;<br/><br/>&lt;scripttype=\"text/javascript\"&gt;<br/><br/>//百度地图API功能<br/><br/>varmap=newBMap.Map(\"allmap\");&nbsp;&nbsp;//创建Map实例<br/><br/>map.centerAndZoom(newBMap.Point(116.404,39.915),11);&nbsp;//初始化地图,设置中心点坐标和地图级别<br/><br/>map.addControl(newBMap.MapTypeControl());&nbsp;//添加地图类型控件<br/><br/>map.setCurrentCity(\"北京\");&nbsp;&nbsp;&nbsp;&nbsp;&nbsp;//设置地图显示的城市此项是必须设置的<br/><br/>map.enableScrollWheelZoom(true);&nbsp;&nbsp;//开启鼠标滚轮缩放<br/><br/>&lt;/script&gt;<br/><br/><br/><br/><br/><br/>//=======================城市天气获取===========================<br/><br/>http://api.map.baidu.com/telematics/v3/weather?location=\"+city+\"&amp;output=xml&amp;ak=4b8362cc832b1f58b7195999c89441a4<br/><br/>//============================js根据IP获取当前城市===========================<br/><br/>&lt;html&gt;<br/><br/>&lt;head&gt;<br/><br/>&lt;metahttp-equiv=\"Content-Type\"content=\"text/html;charset=utf-8\"/&gt;<br/><br/>&lt;metaname=\"viewport\"content=\"initial-scale=1.0,user-scalable=no\"/&gt;<br/><br/>&lt;styletype=\"text/css\"&gt;<br/><br/>body,html,#allmap{width:100%;height:100%;overflow:hidden;margin:0;font-family:\"微软雅黑\";}<br/><br/>&lt;/style&gt;<br/><br/>&lt;scripttype=\"text/javascript\"src=\"http://api.map.baidu.com/api?v=2.0&amp;ak=您的密钥\"&gt;&lt;/script&gt;<br/><br/>&lt;title&gt;IP定位获取当前城市&lt;/title&gt;<br/><br/>&lt;/head&gt;<br/><br/>&lt;body&gt;<br/><br/>&lt;divid=\"allmap\"&gt;&lt;/div&gt;<br/><br/>&lt;/body&gt;<br/><br/>&lt;/html&gt;<br/><br/>&lt;scripttype=\"text/javascript\"&gt;<br/><br/>//百度地图API功能<br/><br/>varmap=newBMap.Map(\"allmap\");<br/><br/>varpoint=newBMap.Point(116.331398,39.897445);<br/><br/>map.centerAndZoom(point,12);<br/><br/><br/><br/>functionmyFun(result){<br/><br/>varcityName=result.name;<br/><br/>map.setCenter(cityName);<br/><br/>alert(\"当前定位城市:\"+cityName);<br/><br/>}<br/><br/>varmyCity=newBMap.LocalCity();<br/><br/>myCity.get(myFun);<br/><br/>&lt;/script&gt;<br/><br/><br/><br/>//==========================js根据浏览器获取当前城市===========================<br/><br/>&lt;html&gt;<br/><br/>&lt;head&gt;<br/><br/>&lt;metahttp-equiv=\"Content-Type\"content=\"text/html;charset=utf-8\"/&gt;<br/><br/>&lt;metaname=\"viewport\"content=\"initial-scale=1.0,user-scalable=no\"/&gt;<br/><br/>&lt;styletype=\"text/css\"&gt;<br/><br/>body,html,#allmap{width:100%;height:100%;overflow:hidden;margin:0;font-family:\"微软雅黑\";}<br/><br/>&lt;/style&gt;<br/><br/>&lt;scripttype=\"text/javascript\"src=\"http://api.map.baidu.com/api?v=2.0&amp;ak=您的密钥\"&gt;&lt;/script&gt;<br/><br/>&lt;title&gt;浏览器定位&lt;/title&gt;<br/><br/>&lt;/head&gt;<br/><br/>&lt;body&gt;<br/><br/>&lt;divid=\"allmap\"&gt;&lt;/div&gt;<br/><br/>&lt;/body&gt;<br/><br/>&lt;/html&gt;<br/><br/>&lt;scripttype=\"text/javascript\"&gt;<br/><br/>//百度地图API功能<br/><br/>varmap=newBMap.Map(\"allmap\");<br/><br/>varpoint=newBMap.Point(116.331398,39.897445);<br/><br/>map.centerAndZoom(point,12);<br/><br/><br/><br/>vargeolocation=newBMap.Geolocation();<br/><br/>geolocation.getCurrentPosition(function(r){<br/><br/>if(this.getStatus()==BMAP_STATUS_SUCCESS){<br/><br/>varmk=newBMap.Marker(r.point);<br/><br/>map.addOverlay(mk);<br/><br/>map.panTo(r.point);<br/><br/>alert(\'您的位置：\'+r.point.lng+\',\'+r.point.lat);<br/><br/>}<br/><br/>else{<br/><br/>alert(\'failed\'+this.getStatus());<br/><br/>}&nbsp;&nbsp;&nbsp;&nbsp;<br/><br/>},{enableHighAccuracy:true})<br/><br/>//关于状态码<br/><br/>//BMAP_STATUS_SUCCESS检索成功。对应数值“0”。<br/><br/>//BMAP_STATUS_CITY_LIST城市列表。对应数值“1”。<br/><br/>//BMAP_STATUS_UNKNOWN_LOCATION位置结果未知。对应数值“2”。<br/><br/>//BMAP_STATUS_UNKNOWN_ROUTE导航结果未知。对应数值“3”。<br/><br/>//BMAP_STATUS_INVALID_KEY非法密钥。对应数值“4”。<br/><br/>//BMAP_STATUS_INVALID_REQUEST非法请求。对应数值“5”。<br/><br/>//BMAP_STATUS_PERMISSION_DENIED没有权限。对应数值“6”。(自1.1新增)<br/><br/>//BMAP_STATUS_SERVICE_UNAVAILABLE服务不可用。对应数值“7”。(自1.1新增)<br/><br/>//BMAP_STATUS_TIMEOUT超时。对应数值“8”。(自1.1新增)<br/><br/>&lt;/script&gt;<br/><br/><br/><br/><br/><br/><br/><br/>//=======================================CSS兼容标签=================<br/><br/>&lt;!--[iflteIE6]&gt;&lt;htmlclass=\"ieie6lte_ie7lte_ie8\"lang=\"zh-CN\"itemscopeitemtype=\"http://schema.org/Movie\"&gt;&lt;![endif]--&gt;<br/><br/>&lt;!--[ifIE7]&gt;&lt;htmlclass=\"ieie7lte_ie7lte_ie8\"lang=\"zh-CN\"itemscopeitemtype=\"http://schema.org/Movie\"&gt;&lt;![endif]--&gt;<br/><br/>&lt;!--[ifIE8]&gt;&lt;htmlclass=\"ieie8lte_ie8\"lang=\"zh-CN\"itemscopeitemtype=\"http://schema.org/Movie\"&gt;&lt;![endif]--&gt;<br/><br/>&lt;!--[ifIE9]&gt;&lt;htmlclass=\"ieie9\"lang=\"zh-CN\"itemscopeitemtype=\"http://schema.org/Movie\"&gt;&lt;![endif]--&gt;<br/><br/>&lt;!--[if(gtIE9)|!(IE)]&gt;&lt;!--&gt;&lt;htmllang=\"zh-CN\"itemscopeitemtype=\"http://schema.org/Movie\"&gt;&lt;!--&lt;![endif]--&gt;<br/><br/>//================================平台检测================<br/><br/><br/><br/>varp=navigator.platform;<br/><br/>system.win=(p.indexOf(\"Win\")==0&amp;&amp;(navigator.userAgent.indexOf(\"Phone\")&lt;0||navigator.userAgent.indexOf(\"IEMobile\")&lt;0));<br/><br/>system.mac=p.indexOf(\"Mac\")==0;<br/><br/>system.x11=((p==\"X11\")||(p.indexOf(\"Linux\")==0))&amp;&amp;(navigator.userAgent.indexOf(\"Mobile\")&lt;0||navigator.userAgent.indexOf(\"Android\")&lt;0);<br/><br/><br/><br/>varurl=\'http://m.v.qq.com/live.html?stream_id=\'+streamid,<br/><br/>ua=navigator.userAgent;<br/><br/><br/><br/>if(!system.win&amp;&amp;!system.mac&amp;&amp;!system.x11&amp;&amp;/android|ipod|iphone|lepad_hls|IEMobile|WPDesktop/ig.test(ua)&amp;&amp;!/MIPAD/ig.test(ua)){<br/><br/>location.href=url;<br/><br/>}<br/><br/><br/><br/>========================================腾讯视频接口在线API=====================================<br/><br/>http://www.qcloud.com/doc/api/257/%E5%A2%9E%E5%8A%A0%E8%A7%86%E9%A2%91%E6%A0%87%E7%AD%BE<br/><br/><br/><br/>腾讯云服务账号:1251906521密码:LRH20No15entryTC&nbsp;链接:http://console.qcloud.com/cloudAccount<br/><br/><br/><br/><br/><br/>===============================CSS:DIV的旋转变形和颜色的线性渐变==============================<br/><br/>.color_change{-webkit-gradient(linear,0%0%,0%100%,from(#0E8A0A),to(#39FF2B),color-stop(0.5,#336600))}<br/><br/>.shape_change{-moz-transform:rotate(45deg)scale(0.55,1.00)translate(0px,0px)skew(18deg,0deg);-moz-transform-origin:50%50%;<br/><br/>-webkit-transform:rotate(45deg)scale(0.55,1.00)translate(0px,0px)skew(18deg,0deg);-webkit-transform-origin:50%50%;<br/><br/>-o-transform:rotate(45deg)scale(0.55,1.00)translate(0px,0px)skew(18deg,0deg);-o-transform-origin:50%50%;<br/><br/>transform:rotate(45deg)scale(0.55,1.00)translate(0px,0px)skew(18deg,0deg);transform-origin:50%50%}<br/><br/><div><br/><br/><br/></div>', '1', '1', '100001', '2016-01-31 20:53:08', null, '1', null, null, null);
INSERT INTO `blog` VALUES ('10', '6', '问题清单', '<p class=\"MsoNormal\" style=\"text-indent:2em;\"><br/>	1.防区页面数据增加时间区间筛选条件...................[新需求]<br/></p><br/><p class=\"MsoNormal\" style=\"text-indent:2em;\"><br/>	<span>&nbsp;</span><br/></p><br/><p class=\"MsoNormal\" style=\"text-indent:2em;\"><br/>	2.小区地图(在他们那边地图上传成功后页面显示不出来)...................[bug]<br/></p><br/><p class=\"MsoNormal\" style=\"text-indent:2em;\"><br/>	<span>&nbsp;</span><br/></p><br/><p class=\"MsoNormal\" style=\"text-indent:2em;\"><br/>	3.页面警情处理表格中的编号修改成序号...................[简单][done]<br/></p><br/><p class=\"MsoNormal\" style=\"text-indent:2em;\"><br/>	<span>&nbsp;</span><br/></p><br/><p class=\"MsoNormal\" style=\"text-indent:2em;\"><br/>	<span>4.</span>用户资料修改页面<span>,</span>改成修改电话号码或邮编时可以不用输入新旧密码<span></span><br/></p><br/><p class=\"MsoNormal\" style=\"text-indent:2em;\"><br/>	<span>&nbsp; ...................[</span>新需求<span>][0.25</span>天<span>]</span><br/></p><br/><p class=\"MsoNormal\" style=\"text-indent:2em;\"><br/>	<span>&nbsp;</span><br/></p><br/><p class=\"MsoNormal\" style=\"text-indent:2em;\"><br/>	5.用户操作日志功能需隐藏或删除...................[简单]<br/></p><br/><p class=\"MsoNormal\" style=\"text-indent:2em;\"><br/>	<span>&nbsp;</span><br/></p><br/><p class=\"MsoNormal\" style=\"text-indent:2em;\"><br/>	6.户型图上传后保存目录修改,之前王巧清是将图片保存在项目下,<br/></p><br/><p class=\"MsoNormal\" style=\"text-indent:2em;\"><br/>	导致tomcat移除项目后,重新添加项目,图片就没了...................[bug]<br/></p><br/><p class=\"MsoNormal\" style=\"text-indent:2em;\"><br/>	<span>&nbsp;</span><br/></p><br/><p class=\"MsoNormal\" style=\"text-indent:2em;\"><br/>	7.生成的地址本SRDB.db文件,有时候room_info表和device_list表没数据.<br/></p><br/><p class=\"MsoNormal\" style=\"text-indent:2em;\"><br/>	门号表数据有时有问题...................[严重bug] <span>[</span>代码已改<span>,</span>等待<span>bug</span>出现<span>…]</span><br/></p><br/><p class=\"MsoNormal\" style=\"text-indent:2em;\"><br/>	<span>&nbsp;</span><br/></p><br/><p class=\"MsoNormal\" style=\"text-indent:2em;\"><br/>	8.智能家居页面,添加空调弹出窗,空调指令样式调整...................[简单]<br/></p><br/><p class=\"MsoNormal\" style=\"text-indent:2em;\"><br/>	<span>&nbsp;</span><br/></p><br/><p class=\"MsoNormal\" style=\"text-indent:2em;\"><br/>	9.智能家居保存时,需要以户为单位,将升级通知分发给该户下的所有设备<br/></p><br/><p class=\"MsoNormal\" style=\"text-indent:2em;\"><br/>	(现在只会通知一户下的一个设备)<br/></p><br/><p class=\"MsoNormal\" style=\"text-indent:2em;\"><br/>	<span>&nbsp;</span><br/></p><br/><p class=\"MsoNormal\" style=\"text-indent:2em;\"><br/>	10.配置文件页面添加区,栋,单元时,在网络参数那里新增该网段下可用IP数量<br/></p><br/><p class=\"MsoNormal\" style=\"text-indent:2em;\"><br/>	...................[新需求]<br/></p><br/><p class=\"MsoNormal\" style=\"text-indent:2em;\"><br/>	<span>&nbsp;</span><br/></p><br/><p class=\"MsoNormal\" style=\"text-indent:2em;\"><br/>	<span>11.</span>系统启动时<span>,</span>检测配置文件和智能家居配置是否已经同步到云端<span>,</span>若未同步<span>,</span><br/></p><br/><p class=\"MsoNormal\" style=\"text-indent:2em;\"><br/>	<span>&nbsp; </span>则通知<span>....................[</span>新需求<span>][0.5</span>天<span>]</span><br/></p><br/><p class=\"MsoNormal\" style=\"text-indent:2em;\"><br/>	<span>&nbsp;</span><br/></p><br/><p class=\"MsoNormal\" style=\"text-indent:2em;\"><br/>	12.设备数量统计页面将IT15设备数量统计出来<br/></p><br/><p class=\"MsoNormal\" style=\"text-indent:2em;\"><br/>	...................[新需求]<br/></p><br/><p class=\"MsoNormal\" style=\"text-indent:2em;\"><br/>	<span>&nbsp;</span><br/></p><br/><p class=\"MsoNormal\" style=\"text-indent:2em;\"><br/>	13.设备信息导出时,如果查询条件包含在线/离线则导出的数据不是全部<br/></p><br/><p class=\"MsoNormal\" style=\"text-indent:2em;\"><br/>	...................[bug][简单]<br/></p><br/><p class=\"MsoNormal\" style=\"text-indent:2em;\"><br/>	<span>&nbsp;</span><br/></p><br/><p class=\"MsoNormal\" style=\"text-indent:2em;\"><br/>	14.设备登录和发心跳协议改变,uc字段可能没有,多出ucs字段.<br/></p><br/><p class=\"MsoNormal\" style=\"text-indent:2em;\"><br/>	ucs字段是一个uc数组,此处要做兼容...................[新需求]<br/></p><br/><p class=\"MsoNormal\" style=\"text-indent:2em;\"><br/>	<span>&nbsp;</span><br/></p><br/><p class=\"MsoNormal\" style=\"text-indent:2em;\"><br/>	15.发通知给设备升级前的过滤取消在线过滤,即不管在不在线都发<br/></p><br/><p class=\"MsoNormal\" style=\"text-indent:2em;\"><br/>	...................[新需求][简单]<br/></p><br/><p class=\"MsoNormal\" style=\"text-indent:2em;\"><br/>	<span>&nbsp;</span><br/></p><br/><p class=\"MsoNormal\" style=\"text-indent:2em;\"><br/>	16.时间组页面去掉导出按钮...................[简单]<br/></p><br/><p class=\"MsoNormal\" style=\"text-indent:2em;\"><br/>	<span>&nbsp;</span><br/></p><br/><p class=\"MsoNormal\" style=\"text-indent:2em;\"><br/>	<span>17.</span>有些表单提示语的标题和详情一样<span>,</span>他们觉得重复了<span>………[</span>新需求<span>] [0.5~1</span>天<span>]</span><br/></p><br/><p class=\"MsoNormal\" style=\"text-indent:2em;\"><br/>	<span>&nbsp;</span><br/></p><br/><p class=\"MsoNormal\" style=\"text-indent:2em;\"><br/>	<span>18.</span>新增页面显示项目版本信息<span>...................[</span>新需求<span>][0.25</span>天<span>]</span><br/></p><br/><p class=\"MsoNormal\" style=\"text-indent:2em;\"><br/>	<span>&nbsp;</span><br/></p><br/><p class=\"MsoNormal\" style=\"text-indent:2em;\"><br/>	19.IT15设备下载固件文件时,重新拼接下载地址,以防没有权限下载不了<br/></p><br/><p class=\"MsoNormal\" style=\"text-indent:2em;\"><br/>	<span>&nbsp;</span><br/></p><br/><p class=\"MsoNormal\" style=\"text-indent:2em;\"><br/>	<span>20.</span>配置文件页面<span>,</span>当获取过了社区代码后<span>,</span>冻结获取代码按钮<span>,</span>冻结云服务器下拉选<span></span><br/></p><br/><p class=\"MsoNormal\" style=\"text-indent:2em;\"><br/>	<span>&nbsp; ...................[</span>新需求<span>][0.25</span>天<span>]</span><br/></p><br/><p class=\"MsoNormal\" style=\"text-indent:2em;\"><br/>	<span>&nbsp;</span><br/></p><br/><p class=\"MsoNormal\" style=\"text-indent:2em;\"><br/>	21.云服务器可能需要调用第三方接口,将页面获取的社区代码发送给第三方云服务器<br/></p><br/><p class=\"MsoNormal\" style=\"text-indent:2em;\"><br/>	目前第三方还没有这样的接口...................[新需求][0.5天]<span></span><br/></p><br/><p class=\"MsoNormal\" style=\"text-indent:2em;\"><br/>	<span>&nbsp;</span><br/></p><br/><p class=\"MsoNormal\" style=\"text-indent:2em;\"><br/>	<span>22.</span>非法设备发送的警情消息存入在一个指定的目录下的日志文件中<span>,</span>时间长了<span>,</span><br/></p><br/><p class=\"MsoNormal\" style=\"text-indent:2em;\"><br/>	<span>&nbsp; </span>日志数量会比较多<span>,</span>占空间<span>,</span>需要自动删除一些旧的<span>...................[</span>新需求<span>][0.25</span>天<span>]</span><br/></p><br/><p class=\"MsoNormal\" style=\"text-indent:2em;\"><br/>	<span>&nbsp;</span><br/></p><br/><p class=\"MsoNormal\" style=\"text-indent:2em;\"><br/>	<span>23.</span>门禁控制器与信息服务器保持长连接<span>,</span>以便实时监控门状态<span>...........[</span>新需求<span>][</span>至少<span>1</span>天<span>]</span><br/></p><br/><p class=\"MsoNormal\" style=\"text-indent:2em;\"><br/>	<span>&nbsp;</span><br/></p><br/><p class=\"MsoNormal\" style=\"text-indent:2em;\"><br/>	24.门禁实时监控页面修改...................[新需求]<br/></p><br/><p class=\"MsoNormal\" style=\"text-indent:2em;\"><br/>	<span>&nbsp;</span><br/></p><br/><p class=\"MsoNormal\" style=\"text-indent:2em;\"><br/>	25.卡信息页面修改:功能方面,点击挂失,直接修改数据库数据,不用连接;页面布局方面,<br/></p><br/><p class=\"MsoNormal\" style=\"text-indent:2em;\"><br/>	将解挂按钮放到下面去<br/></p><br/><p class=\"MsoNormal\" style=\"text-indent:2em;\"><br/>	<span>&nbsp;&nbsp;</span><br/></p><br/><p style=\"text-indent:2em;\"><br/>	<br /><br/></p>', '1', '1', '0', '2016-02-02 21:11:09', null, '1', null, '2016-02-02 21:11:09', null);
INSERT INTO `blog` VALUES ('11', '6', '无题', '<p style=\"text-indent:2em;\"><br/>	<img src=\"/resources/kindEditor/plugins/emoticons/images/0.gif\" border=\"0\" alt=\"\" /><br/></p>', '1', '1', '0', '2016-02-02 21:31:38', null, '8', null, '2016-02-02 21:31:38', null);
INSERT INTO `blog` VALUES ('12', '6', '继续无题', '<img src=\"/resources/kindEditor/plugins/emoticons/images/32.gif\" border=\"0\" alt=\"\" />', '1', '1', '0', '2016-02-02 21:40:20', null, '1', null, '2016-02-02 21:40:20', null);
INSERT INTO `blog` VALUES ('13', '6', '再次无题', '<p style=\"text-indent:2em;\"><br/>	头疼~<img src=\"/resources/kindEditor/plugins/emoticons/images/1.gif\" border=\"0\" alt=\"\" /><br/></p>', '1', '3', '100004', '2016-02-02 21:44:02', null, '5', null, '2016-02-02 21:44:02', null);
INSERT INTO `blog` VALUES ('14', '1', 'Young for you', '<p style=\"text-align:center;\">\n	<img class=\"editor_insert_img\" src=\"/loadImg?imgPath=C:/LRH/upload/file/editor/Sailing_LRH/image/20160304/20160304191413_745.jpg\" alt=\"\" />\n</p>\n<p style=\"text-align:center;\">\n	Surface pro 4 拍照测试\n</p>', '1', '2', '100003', '2016-03-04 19:15:16', null, '15', '\n	\n\n\n	Surface pro 4 拍照测试\n', '2016-03-04 19:15:16', '/loadImg?imgPath=C:/LRH/upload/file/editor/Sailing_LRH/image/20160304/20160304191413_745.jpg');
INSERT INTO `blog` VALUES ('15', '2', '写点东西', '<h2 align=\"center\" style=\"text-indent:2em;\">\n	<span style=\"color:#E53333;font-size:18px;\">Winter has come , farewell to the sun . </span>\n</h2>\n<h2 align=\"center\" style=\"text-indent:2em;\">\n	<span style=\"color:#E53333;font-size:18px;\"><img class=\"editor_insert_img\" alt=\"\" src=\"/loadImg?imgPath=C:/LRH/upload/file/editor/test/image/20160403/20160403120737_590.jpg\" /><img class=\"editor_insert_img\" alt=\"\" src=\"/loadImg?imgPath=C:/LRH/upload/file/editor/test/image/20160403/20160403120805_677.jpg\" /></span>\n</h2>', '1', '3', '100004', '2016-04-03 12:08:25', null, '4', '\n	Winter has come , farewell to the sun . \n\n\n	\n', '2016-04-03 12:08:25', '/loadImg?imgPath=C:/LRH/upload/file/editor/test/image/20160403/20160403120737_590.jpg');

-- ----------------------------
-- Table structure for blog_comment
-- ----------------------------
DROP TABLE IF EXISTS `blog_comment`;
CREATE TABLE `blog_comment` (
  `id` bigint(20) NOT NULL AUTO_INCREMENT,
  `to_user_id` int(11) NOT NULL,
  `user_id` int(11) NOT NULL,
  `pid` bigint(20) DEFAULT NULL,
  `oid` bigint(20) DEFAULT NULL,
  `content` varchar(5120) NOT NULL,
  `time` varchar(24) DEFAULT NULL,
  `data_id` bigint(20) NOT NULL,
  PRIMARY KEY (`id`),
  KEY `comments_user_fk` (`user_id`),
  KEY `comments_to_user_fk` (`to_user_id`),
  KEY `comments_spitslot_FK` (`data_id`),
  CONSTRAINT `blog_comment_ibfk_1` FOREIGN KEY (`data_id`) REFERENCES `blog` (`id`) ON DELETE CASCADE ON UPDATE NO ACTION,
  CONSTRAINT `blog_comment_ibfk_2` FOREIGN KEY (`to_user_id`) REFERENCES `user` (`id`) ON DELETE CASCADE ON UPDATE NO ACTION,
  CONSTRAINT `blog_comment_ibfk_3` FOREIGN KEY (`user_id`) REFERENCES `user` (`id`) ON DELETE CASCADE ON UPDATE NO ACTION
) ENGINE=InnoDB AUTO_INCREMENT=7 DEFAULT CHARSET=utf8 ROW_FORMAT=COMPACT;

-- ----------------------------
-- Records of blog_comment
-- ----------------------------
INSERT INTO `blog_comment` VALUES ('1', '1', '1', '0', '0', '<img src=\"/resources/default/img/emoji/114.gif\"/>', '2016-03-04 19:15:37', '14');
INSERT INTO `blog_comment` VALUES ('2', '6', '1', '0', '0', '<img src=\"/resources/default/img/emoji/120.gif\"/>', '2016-03-13 14:42:12', '13');
INSERT INTO `blog_comment` VALUES ('3', '1', '1', '0', '0', 'good!<img src=\"/resources/default/img/emoji/111.gif\"/>', '2016-04-03 11:48:03', '14');
INSERT INTO `blog_comment` VALUES ('4', '1', '1', '1', '1', '<img src=\"/resources/default/img/emoji/135.gif\"/>', '2016-04-03 11:48:54', '14');
INSERT INTO `blog_comment` VALUES ('5', '1', '2', '0', '0', '凑凑热闹凑凑凑凑凑凑渍渍浃浃沣沣<img src=\"/resources/default/img/emoji/101.gif\"/>', '2016-04-03 11:56:52', '14');
INSERT INTO `blog_comment` VALUES ('6', '1', '2', '0', '0', '<img src=\"/resources/default/img/emoji/130.gif\"/>', '2016-04-03 12:02:13', '14');

-- ----------------------------
-- Table structure for blog_praise
-- ----------------------------
DROP TABLE IF EXISTS `blog_praise`;
CREATE TABLE `blog_praise` (
  `id` bigint(20) NOT NULL AUTO_INCREMENT,
  `data_id` bigint(20) NOT NULL,
  `user_id` int(11) DEFAULT NULL,
  `user_ip` varchar(24) NOT NULL,
  `time` varchar(24) NOT NULL,
  PRIMARY KEY (`id`),
  KEY `blog_praise_blog_FK` (`data_id`),
  KEY `blog_praise_user_FK` (`user_id`),
  CONSTRAINT `blog_praise_blog_FK` FOREIGN KEY (`data_id`) REFERENCES `blog` (`id`) ON DELETE CASCADE ON UPDATE NO ACTION,
  CONSTRAINT `blog_praise_user_FK` FOREIGN KEY (`user_id`) REFERENCES `user` (`id`) ON DELETE CASCADE ON UPDATE NO ACTION
) ENGINE=InnoDB AUTO_INCREMENT=7 DEFAULT CHARSET=utf8;

-- ----------------------------
-- Records of blog_praise
-- ----------------------------
INSERT INTO `blog_praise` VALUES ('1', '14', null, '192.168.1.101', '2016-03-13 14:10:53');
INSERT INTO `blog_praise` VALUES ('2', '12', null, '192.168.1.101', '2016-03-13 14:11:09');
INSERT INTO `blog_praise` VALUES ('3', '13', '1', '192.168.1.101', '2016-03-13 14:42:06');
INSERT INTO `blog_praise` VALUES ('4', '11', '1', '192.168.1.101', '2016-03-13 14:42:28');
INSERT INTO `blog_praise` VALUES ('5', '14', '2', '192.168.1.100', '2016-04-03 11:57:29');
INSERT INTO `blog_praise` VALUES ('6', '15', '2', '192.168.1.100', '2016-04-03 12:10:43');

-- ----------------------------
-- Table structure for blog_upload
-- ----------------------------
DROP TABLE IF EXISTS `blog_upload`;
CREATE TABLE `blog_upload` (
  `id` bigint(20) NOT NULL AUTO_INCREMENT,
  `blog_id` bigint(20) NOT NULL,
  `file_id` bigint(20) NOT NULL,
  PRIMARY KEY (`id`),
  KEY `blog_upload_blog_FK` (`blog_id`),
  CONSTRAINT `blog_upload_blog_FK` FOREIGN KEY (`blog_id`) REFERENCES `blog` (`id`) ON DELETE CASCADE ON UPDATE NO ACTION
) ENGINE=InnoDB DEFAULT CHARSET=utf8;

-- ----------------------------
-- Records of blog_upload
-- ----------------------------

-- ----------------------------
-- Table structure for data_type
-- ----------------------------
DROP TABLE IF EXISTS `data_type`;
CREATE TABLE `data_type` (
  `id` int(11) NOT NULL AUTO_INCREMENT,
  `type_name` varchar(20) NOT NULL,
  `main_type` varchar(4) NOT NULL,
  `type_code` varchar(8) NOT NULL,
  `remark` varchar(128) DEFAULT NULL,
  PRIMARY KEY (`id`)
) ENGINE=InnoDB AUTO_INCREMENT=10 DEFAULT CHARSET=utf8;

-- ----------------------------
-- Records of data_type
-- ----------------------------
INSERT INTO `data_type` VALUES ('1', '博文分类', '0', '100', '主类型');
INSERT INTO `data_type` VALUES ('2', '技术文档', '100', '100001', null);
INSERT INTO `data_type` VALUES ('3', '生活点滴', '100', '100002', null);
INSERT INTO `data_type` VALUES ('4', '旅游日志', '100', '100003', null);
INSERT INTO `data_type` VALUES ('5', '心情随笔', '100', '100004', null);
INSERT INTO `data_type` VALUES ('6', '公开类型', '0', '200', '主类型');
INSERT INTO `data_type` VALUES ('7', '对外公开', '200', '200001', null);
INSERT INTO `data_type` VALUES ('8', '自己可见', '200', '200002', null);
INSERT INTO `data_type` VALUES ('9', '好友可见', '200', '200003', null);

-- ----------------------------
-- Table structure for dynamic
-- ----------------------------
DROP TABLE IF EXISTS `dynamic`;
CREATE TABLE `dynamic` (
  `id` bigint(20) NOT NULL AUTO_INCREMENT,
  `module_id` smallint(6) NOT NULL,
  `data_id` bigint(20) NOT NULL,
  `time` varchar(24) DEFAULT NULL,
  PRIMARY KEY (`id`)
) ENGINE=InnoDB AUTO_INCREMENT=73 DEFAULT CHARSET=utf8;

-- ----------------------------
-- Records of dynamic
-- ----------------------------
INSERT INTO `dynamic` VALUES ('54', '7', '111', '2016-01-28 22:41:34');
INSERT INTO `dynamic` VALUES ('55', '7', '112', '2016-01-28 23:25:30');
INSERT INTO `dynamic` VALUES ('65', '9', '10', '2016-02-02 21:11:09');
INSERT INTO `dynamic` VALUES ('66', '9', '11', '2016-02-02 21:31:38');
INSERT INTO `dynamic` VALUES ('67', '9', '12', '2016-02-02 21:40:20');
INSERT INTO `dynamic` VALUES ('68', '9', '13', '2016-02-02 21:44:02');
INSERT INTO `dynamic` VALUES ('69', '7', '113', '2016-03-03 22:19:29');
INSERT INTO `dynamic` VALUES ('70', '9', '14', '2016-03-04 19:15:16');
INSERT INTO `dynamic` VALUES ('71', '9', '15', '2016-04-03 12:08:25');
INSERT INTO `dynamic` VALUES ('72', '7', '114', '2016-04-03 12:22:03');

-- ----------------------------
-- Table structure for game
-- ----------------------------
DROP TABLE IF EXISTS `game`;
CREATE TABLE `game` (
  `id` int(11) NOT NULL AUTO_INCREMENT,
  `game_type` int(11) NOT NULL,
  `game_time` int(11) DEFAULT NULL,
  `game_name` varchar(32) DEFAULT NULL,
  `game_all` text NOT NULL,
  `user_id` int(11) DEFAULT NULL,
  `add_time` varchar(24) DEFAULT NULL,
  PRIMARY KEY (`id`),
  KEY `geme_user_fk` (`user_id`),
  CONSTRAINT `geme_user_fk` FOREIGN KEY (`user_id`) REFERENCES `user` (`id`) ON DELETE CASCADE ON UPDATE NO ACTION
) ENGINE=InnoDB AUTO_INCREMENT=10 DEFAULT CHARSET=utf8;

-- ----------------------------
-- Records of game
-- ----------------------------
INSERT INTO `game` VALUES ('2', '1', '11', 'libra', '<div class=\"win_head\">    <p class=\"win_head_icon\"><a href=\"javaScript:void(0)\" onclick=\"goBackIndex()\" class=\"back_btn\"></a></p><p>    </p><p class=\"win_head_title\" ondblclick=\"successful()\">天秤座 数独</p>        <p class=\"win_controll_close_btn win_controll_btn\"><a href=\"javaScript:void(0)\"></a></p><p>    </p><p class=\"win_controll_max_btn win_controll_btn\"><a href=\"javaScript:void(0)\"></a></p>    <p class=\"win_controll_min_btn win_controll_btn\"><a href=\"javaScript:void(0)\" class=\"able\"></a></p><p>        </p><div class=\"clear\"></div>    </div>        <div class=\"win_body\">    <div class=\"win_body_all\">    <div class=\"game\"><div class=\"game_main\"><div class=\"court left_top\"><div class=\"cell son_left_top row1 column1 normal\"><p class=\"number_p\" style=\"color: rgb(153, 0, 255); background-color: rgb(242, 242, 242);\"></p></div><div class=\"cell son_middle_top row1 column2 normal\"><p class=\"number_p\" style=\"color: rgb(153, 0, 255); background-color: rgb(242, 242, 242);\"></p></div><div class=\"cell son_right_top row1 column3 normal\"><p class=\"number_p\" style=\"color: rgb(153, 0, 255); background-color: rgb(242, 242, 242);\"></p></div><div class=\"clear\"></div><div class=\"cell son_left_middle row2 column1 normal\"><p class=\"number_p\" style=\"color: rgb(153, 0, 255); background-color: rgb(242, 242, 242);\"></p></div><div class=\"cell son_middle_middle row2 column2 normal\"><p class=\"number_p\" style=\"color: rgb(153, 0, 255); background-color: rgb(242, 242, 242);\"></p></div><div class=\"cell son_right_middle row2 column3 normal\"><p class=\"number_p\" style=\"color: rgb(153, 0, 255); background-color: rgb(242, 242, 242);\"></p></div><div class=\"clear\"></div><div class=\"cell son_left_bottom row3 column1 normal\"><p class=\"number_p\" style=\"color: rgb(153, 0, 255); background-color: rgb(242, 242, 242);\"></p></div><div class=\"cell son_middle_bottom row3 column2 normal\"><p class=\"number_p\" style=\"color: rgb(153, 0, 255); background-color: rgb(242, 242, 242);\"></p></div><div class=\"cell son_right_bottom row3 column3 init\"><p class=\"number_p\">6</p></div><div class=\"clear\"></div></div><div class=\"court middle_top\"><div class=\"cell son_left_top row1 column4 normal\"><p class=\"number_p\" style=\"color: rgb(153, 0, 255); background-color: rgb(242, 242, 242);\"></p></div><div class=\"cell son_middle_top row1 column5 normal\"><p class=\"number_p\" style=\"color: rgb(153, 0, 255); background-color: rgb(242, 242, 242);\"></p></div><div class=\"cell son_right_top row1 column6 normal\"><p class=\"number_p\" style=\"color: rgb(153, 0, 255); background-color: rgb(242, 242, 242);\"></p></div><div class=\"clear\"></div><div class=\"cell son_left_middle row2 column4 init\"><p class=\"number_p\">7</p></div><div class=\"cell son_middle_middle row2 column5 init\"><p class=\"number_p\">2</p></div><div class=\"cell son_right_middle row2 column6 init\"><p class=\"number_p\">5</p></div><div class=\"clear\"></div><div class=\"cell son_left_bottom row3 column4 normal\"><p class=\"number_p\" style=\"color: rgb(153, 0, 255); background-color: rgb(242, 242, 242);\"></p></div><div class=\"cell son_middle_bottom row3 column5 normal\"><p class=\"number_p\" style=\"color: rgb(153, 0, 255); background-color: rgb(242, 242, 242);\"></p></div><div class=\"cell son_right_bottom row3 column6 normal\"><p class=\"number_p\" style=\"color: rgb(153, 0, 255); background-color: rgb(242, 242, 242);\"></p></div><div class=\"clear\"></div></div><div class=\"court right_top\"><div class=\"cell son_left_top row1 column7 normal\"><p class=\"number_p\" style=\"color: rgb(153, 0, 255); background-color: rgb(242, 242, 242);\"></p></div><div class=\"cell son_middle_top row1 column8 normal\"><p class=\"number_p\" style=\"color: rgb(153, 0, 255); background-color: rgb(242, 242, 242);\"></p></div><div class=\"cell son_right_top row1 column9 normal\"><p class=\"number_p\" style=\"color: rgb(153, 0, 255); background-color: rgb(242, 242, 242);\"></p></div><div class=\"clear\"></div><div class=\"cell son_left_middle row2 column7 normal\"><p class=\"number_p\" style=\"color: rgb(153, 0, 255); background-color: rgb(242, 242, 242);\"></p></div><div class=\"cell son_middle_middle row2 column8 normal\"><p class=\"number_p\" style=\"color: rgb(153, 0, 255); background-color: rgb(242, 242, 242);\"></p></div><div class=\"cell son_right_middle row2 column9 normal\"><p class=\"number_p\" style=\"color: rgb(153, 0, 255); background-color: rgb(242, 242, 242);\"></p></div><div class=\"clear\"></div><div class=\"cell son_left_bottom row3 column7 init\"><p class=\"number_p\">8</p></div><div class=\"cell son_middle_bottom row3 column8 normal\"><p class=\"number_p\" style=\"color: rgb(153, 0, 255); background-color: rgb(242, 242, 242);\"></p></div><div class=\"cell son_right_bottom row3 column9 normal\"><p class=\"number_p\" style=\"color: rgb(153, 0, 255); background-color: rgb(242, 242, 242);\"></p></div><div class=\"clear\"></div></div><div class=\"clear\"></div><div class=\"court left_middle\"><div class=\"cell son_left_top row4 column1 normal\"><p class=\"number_p\" style=\"color: rgb(153, 0, 255); background-color: rgb(242, 242, 242);\"></p></div><div class=\"cell son_middle_top row4 column2 normal\"><p class=\"number_p\" style=\"color: rgb(153, 0, 255); background-color: rgb(242, 242, 242);\"></p></div><div class=\"cell son_right_top row4 column3 init\"><p class=\"number_p\">1</p></div><div class=\"clear\"></div><div class=\"cell son_left_middle row5 column1 init\"><p class=\"number_p\">2</p></div><div class=\"cell son_middle_middle row5 column2 init\"><p class=\"number_p\">7</p></div><div class=\"cell son_right_middle row5 column3 init\"><p class=\"number_p\">5</p></div><div class=\"clear\"></div><div class=\"cell son_left_bottom row6 column1 init\"><p class=\"number_p\">8</p></div><div class=\"cell son_middle_bottom row6 column2 normal\"><p class=\"number_p\" style=\"color: rgb(153, 0, 255); background-color: rgb(242, 242, 242);\"></p></div><div class=\"cell son_right_bottom row6 column3 normal\"><p class=\"number_p\" style=\"color: rgb(153, 0, 255); background-color: rgb(242, 242, 242);\"></p></div><div class=\"clear\"></div></div><div class=\"court middle_middle\"><div class=\"cell son_left_top row4 column4 normal\"><p class=\"number_p\" style=\"color: rgb(153, 0, 255); background-color: rgb(242, 242, 242);\"></p></div><div class=\"cell son_middle_top row4 column5 normal\"><p class=\"number_p\" style=\"color: rgb(153, 0, 255); background-color: rgb(242, 242, 242);\"></p></div><div class=\"cell son_right_top row4 column6 normal\"><p class=\"number_p\" style=\"color: rgb(153, 0, 255); background-color: rgb(242, 242, 242);\"></p></div><div class=\"clear\"></div><div class=\"cell son_left_middle row5 column4 normal\"><p class=\"number_p\" style=\"color: rgb(153, 0, 255); background-color: rgb(242, 242, 242);\"></p></div><div class=\"cell son_middle_middle row5 column5 normal\"><p class=\"number_p\" style=\"color: rgb(153, 0, 255); background-color: rgb(242, 242, 242);\"></p></div><div class=\"cell son_right_middle row5 column6 normal\"><p class=\"number_p\" style=\"color: rgb(153, 0, 255); background-color: rgb(242, 242, 242);\"></p></div><div class=\"clear\"></div><div class=\"cell son_left_bottom row6 column4 normal\"><p class=\"number_p\" style=\"color: rgb(153, 0, 255); background-color: rgb(242, 242, 242);\"></p></div><div class=\"cell son_middle_bottom row6 column5 normal\"><p class=\"number_p\" style=\"color: rgb(153, 0, 255); background-color: rgb(242, 242, 242);\"></p></div><div class=\"cell son_right_bottom row6 column6 normal\"><p class=\"number_p\" style=\"color: rgb(153, 0, 255); background-color: rgb(242, 242, 242);\"></p></div><div class=\"clear\"></div></div><div class=\"court right_middle\"><div class=\"cell son_left_top row4 column7 init\"><p class=\"number_p\">2</p></div><div class=\"cell son_middle_top row4 column8 normal\"><p class=\"number_p\" style=\"color: rgb(153, 0, 255); background-color: rgb(242, 242, 242);\"></p></div><div class=\"cell son_right_top row4 column9 normal\"><p class=\"number_p\" style=\"color: rgb(153, 0, 255); background-color: rgb(242, 242, 242);\"></p></div><div class=\"clear\"></div><div class=\"cell son_left_middle row5 column7 init\"><p class=\"number_p\">3</p></div><div class=\"cell son_middle_middle row5 column8 init\"><p class=\"number_p\">8</p></div><div class=\"cell son_right_middle row5 column9 init\"><p class=\"number_p\">1</p></div><div class=\"clear\"></div><div class=\"cell son_left_bottom row6 column7 normal\"><p class=\"number_p\" style=\"color: rgb(153, 0, 255); background-color: rgb(242, 242, 242);\"></p></div><div class=\"cell son_middle_bottom row6 column8 normal\"><p class=\"number_p\" style=\"color: rgb(153, 0, 255); background-color: rgb(242, 242, 242);\"></p></div><div class=\"cell son_right_bottom row6 column9 init\"><p class=\"number_p\">6</p></div><div class=\"clear\"></div></div><div class=\"clear\"></div><div class=\"court left_bottom\"><div class=\"cell son_left_top row7 column1 normal\"><p class=\"number_p\" style=\"color: rgb(153, 0, 255); background-color: rgb(242, 242, 242);\"></p></div><div class=\"cell son_middle_top row7 column2 normal\"><p class=\"number_p\" style=\"color: rgb(153, 0, 255); background-color: rgb(242, 242, 242);\"></p></div><div class=\"cell son_right_top row7 column3 normal\"><p class=\"number_p\" style=\"color: rgb(153, 0, 255); background-color: rgb(242, 242, 242);\"></p></div><div class=\"clear\"></div><div class=\"cell son_left_middle row8 column1 normal\"><p class=\"number_p\" style=\"color: rgb(153, 0, 255); background-color: rgb(242, 242, 242);\"></p></div><div class=\"cell son_middle_middle row8 column2 init\"><p class=\"number_p\">4</p></div><div class=\"cell son_right_middle row8 column3 init\"><p class=\"number_p\">9</p></div><div class=\"clear\"></div><div class=\"cell son_left_bottom row9 column1 init\"><p class=\"number_p\">7</p></div><div class=\"cell son_middle_bottom row9 column2 init\"><p class=\"number_p\">1</p></div><div class=\"cell son_right_bottom row9 column3 normal\"><p class=\"number_p\" style=\"color: rgb(153, 0, 255); background-color: rgb(242, 242, 242);\"></p></div><div class=\"clear\"></div></div><div class=\"court middle_bottom\"><div class=\"cell son_left_top row7 column4 normal\"><p class=\"number_p\" style=\"color: rgb(153, 0, 255); background-color: rgb(242, 242, 242);\"></p></div><div class=\"cell son_middle_top row7 column5 normal\"><p class=\"number_p\" style=\"color: rgb(153, 0, 255); background-color: rgb(242, 242, 242);\"></p></div><div class=\"cell son_right_top row7 column6 normal\"><p class=\"number_p\" style=\"color: rgb(153, 0, 255); background-color: rgb(242, 242, 242);\"></p></div><div class=\"clear\"></div><div class=\"cell son_left_middle row8 column4 normal\"><p class=\"number_p\" style=\"color: rgb(153, 0, 255); background-color: rgb(242, 242, 242);\"></p></div><div class=\"cell son_middle_middle row8 column5 init\"><p class=\"number_p\">1</p></div><div class=\"cell son_right_middle row8 column6 normal\"><p class=\"number_p\" style=\"color: rgb(153, 0, 255); background-color: rgb(242, 242, 242);\"></p></div><div class=\"clear\"></div><div class=\"cell son_left_bottom row9 column4 init\"><p class=\"number_p\">2</p></div><div class=\"cell son_middle_bottom row9 column5 normal\"><p class=\"number_p\" style=\"color: rgb(153, 0, 255); background-color: rgb(242, 242, 242);\"></p></div><div class=\"cell son_right_bottom row9 column6 init\"><p class=\"number_p\">8</p></div><div class=\"clear\"></div></div><div class=\"court right_bottom\"><div class=\"cell son_left_top row7 column7 normal\"><p class=\"number_p\" style=\"color: rgb(153, 0, 255); background-color: rgb(242, 242, 242);\"></p></div><div class=\"cell son_middle_top row7 column8 normal\"><p class=\"number_p\" style=\"color: rgb(153, 0, 255); background-color: rgb(242, 242, 242);\"></p></div><div class=\"cell son_right_top row7 column9 normal\"><p class=\"number_p\" style=\"color: rgb(153, 0, 255); background-color: rgb(242, 242, 242);\"></p></div><div class=\"clear\"></div><div class=\"cell son_left_middle row8 column7 init\"><p class=\"number_p\">7</p></div><div class=\"cell son_middle_middle row8 column8 init\"><p class=\"number_p\">2</p></div><div class=\"cell son_right_middle row8 column9 normal\"><p class=\"number_p\" style=\"color: rgb(153, 0, 255); background-color: rgb(242, 242, 242);\">8</p></div><div class=\"clear\"></div><div class=\"cell son_left_bottom row9 column7 normal\"><p class=\"number_p\" style=\"color: rgb(153, 0, 255); background-color: rgb(242, 242, 242);\"></p></div><div class=\"cell son_middle_bottom row9 column8 init\"><p class=\"number_p\">9</p></div><div class=\"cell son_right_bottom row9 column9 init\"><p class=\"number_p\">4</p></div><div class=\"clear\"></div></div><div class=\"clear\"></div></div>    </div><!-- over -->    </div>    </div>        <div class=\"win_bottom\">    <!-- 游戏按钮 -->    <div class=\"game_btn\">    <p class=\"play_or_stop\"><a href=\"javaScript:void(0)\" onclick=\"stop()\" title=\"暂停游戏\" class=\"stop stop_able\"></a></p>        <p>    <a class=\"clear_btn clear_btn_able\" title=\"清除选中的数字\" href=\"javaScript:void(0)\" onclick=\"clearCell()\"></a>    </p>        <p>    <a class=\"replay replay_able\" title=\"重新开始\" href=\"javaScript:void(0)\" onclick=\"replay()\"></a>    </p>                <p><a class=\"save save_able\" title=\"保存进度\" onclick=\"saveGame()\" href=\"javaScript:void(0)\"></a></p>    <p><a class=\"load load_able\" title=\"载入进度\" onclick=\"loadGame(0)\" href=\"javaScript:void(0)\"></a></p>                    <div class=\"clear\"></div>    </div>        <!-- 游戏信息 -->    <div class=\"game_info\">    <p><span class=\"lable game_process_lable\"></span><span class=\"game_process\">1.82%</span></p>    <p><span class=\"lable game_time_lable\"></span><span class=\"game_time\">00:00:11</span></p>    <p><span class=\"lable game_status_lable\"></span><span class=\"game_status\">游戏中...</span></p>    <p><span class=\"lable game_level_lable\"></span><span class=\"game_level\">骨灰级</span></p>        <div class=\"clear\"></div>    </div>        <div class=\"clear\"></div>    </div>', '2', '2015-10-16 23:25:57');
INSERT INTO `game` VALUES ('3', '1', '7', 'smile', '<div class=\"win_head\">    <p class=\"win_head_icon\"><a href=\"javaScript:void(0)\" onclick=\"goBackIndex()\" class=\"back_btn\"></a></p><p>    </p><p class=\"win_head_title\" ondblclick=\"successful()\">笑脸 数独</p>        <p class=\"win_controll_close_btn win_controll_btn\"><a href=\"javaScript:void(0)\"></a></p><p>    </p><p class=\"win_controll_max_btn win_controll_btn\"><a href=\"javaScript:void(0)\"></a></p>    <p class=\"win_controll_min_btn win_controll_btn\"><a href=\"javaScript:void(0)\" class=\"able\"></a></p><p>        </p><div class=\"clear\"></div>    </div>        <div class=\"win_body\">    <div class=\"win_body_all\">    <div class=\"game\"><div class=\"game_main\"><div class=\"court left_top\"><div class=\"cell son_left_top row1 column1 normal\"><p class=\"number_p\" style=\"color: rgb(153, 0, 255); background-color: rgb(242, 242, 242);\"></p></div><div class=\"cell son_middle_top row1 column2 normal\"><p class=\"number_p\" style=\"color: rgb(153, 0, 255); background-color: rgb(242, 242, 242);\"></p></div><div class=\"cell son_right_top row1 column3 init\"><p class=\"number_p\">9</p></div><div class=\"clear\"></div><div class=\"cell son_left_middle row2 column1 normal\"><p class=\"number_p\" style=\"color: rgb(153, 0, 255); background-color: rgb(242, 242, 242);\"></p></div><div class=\"cell son_middle_middle row2 column2 init\"><p class=\"number_p\">8</p></div><div class=\"cell son_right_middle row2 column3 normal\"><p class=\"number_p\" style=\"color: rgb(153, 0, 255); background-color: rgb(242, 242, 242);\"></p></div><div class=\"clear\"></div><div class=\"cell son_left_bottom row3 column1 init\"><p class=\"number_p\">6</p></div><div class=\"cell son_middle_bottom row3 column2 normal\"><p class=\"number_p\" style=\"color: rgb(153, 0, 255); background-color: rgb(242, 242, 242);\"></p></div><div class=\"cell son_right_bottom row3 column3 normal\"><p class=\"number_p\" style=\"color: rgb(153, 0, 255); background-color: rgb(242, 242, 242);\"></p></div><div class=\"clear\"></div></div><div class=\"court middle_top\"><div class=\"cell son_left_top row1 column4 init\"><p class=\"number_p\">7</p></div><div class=\"cell son_middle_top row1 column5 init\"><p class=\"number_p\">3</p></div><div class=\"cell son_right_top row1 column6 init\"><p class=\"number_p\">6</p></div><div class=\"clear\"></div><div class=\"cell son_left_middle row2 column4 normal\"><p class=\"number_p\" style=\"color: rgb(153, 0, 255); background-color: rgb(242, 242, 242);\"></p></div><div class=\"cell son_middle_middle row2 column5 normal\"><p class=\"number_p\" style=\"color: rgb(153, 0, 255); background-color: rgb(242, 242, 242);\"></p></div><div class=\"cell son_right_middle row2 column6 normal\"><p class=\"number_p\" style=\"color: rgb(153, 0, 255); background-color: rgb(242, 242, 242);\"></p></div><div class=\"clear\"></div><div class=\"cell son_left_bottom row3 column4 normal\"><p class=\"number_p\" style=\"color: rgb(153, 0, 255); background-color: rgb(242, 242, 242);\"></p></div><div class=\"cell son_middle_bottom row3 column5 normal\"><p class=\"number_p\" style=\"color: rgb(153, 0, 255); background-color: rgb(242, 242, 242);\"></p></div><div class=\"cell son_right_bottom row3 column6 normal\"><p class=\"number_p\" style=\"color: rgb(153, 0, 255); background-color: rgb(242, 242, 242);\"></p></div><div class=\"clear\"></div></div><div class=\"court right_top\"><div class=\"cell son_left_top row1 column7 init\"><p class=\"number_p\">8</p></div><div class=\"cell son_middle_top row1 column8 normal\"><p class=\"number_p\" style=\"color: rgb(153, 0, 255); background-color: rgb(242, 242, 242);\"></p></div><div class=\"cell son_right_top row1 column9 normal\"><p class=\"number_p\" style=\"color: rgb(153, 0, 255); background-color: rgb(242, 242, 242);\"></p></div><div class=\"clear\"></div><div class=\"cell son_left_middle row2 column7 normal\"><p class=\"number_p\" style=\"color: rgb(153, 0, 255); background-color: rgb(242, 242, 242);\"></p></div><div class=\"cell son_middle_middle row2 column8 init\"><p class=\"number_p\">9</p></div><div class=\"cell son_right_middle row2 column9 normal\"><p class=\"number_p\" style=\"color: rgb(153, 0, 255); background-color: rgb(242, 242, 242);\"></p></div><div class=\"clear\"></div><div class=\"cell son_left_bottom row3 column7 normal\"><p class=\"number_p\" style=\"color: rgb(153, 0, 255); background-color: rgb(242, 242, 242);\"></p></div><div class=\"cell son_middle_bottom row3 column8 normal\"><p class=\"number_p\" style=\"color: rgb(153, 0, 255); background-color: rgb(242, 242, 242);\"></p></div><div class=\"cell son_right_bottom row3 column9 init\"><p class=\"number_p\">4</p></div><div class=\"clear\"></div></div><div class=\"clear\"></div><div class=\"court left_middle\"><div class=\"cell son_left_top row4 column1 init\"><p class=\"number_p\">7</p></div><div class=\"cell son_middle_top row4 column2 normal\"><p class=\"number_p\" style=\"color: rgb(153, 0, 255); background-color: rgb(242, 242, 242);\"></p></div><div class=\"cell son_right_top row4 column3 normal\"><p class=\"number_p\" style=\"color: rgb(153, 0, 255); background-color: rgb(242, 242, 242);\"></p></div><div class=\"clear\"></div><div class=\"cell son_left_middle row5 column1 init\"><p class=\"number_p\">9</p></div><div class=\"cell son_middle_middle row5 column2 normal\"><p class=\"number_p\" style=\"color: rgb(153, 0, 255); background-color: rgb(242, 242, 242);\"></p></div><div class=\"cell son_right_middle row5 column3 normal\"><p class=\"number_p\" style=\"color: rgb(153, 0, 255); background-color: rgb(242, 242, 242);\"></p></div><div class=\"clear\"></div><div class=\"cell son_left_bottom row6 column1 init\"><p class=\"number_p\">8</p></div><div class=\"cell son_middle_bottom row6 column2 normal\"><p class=\"number_p\" style=\"color: rgb(153, 0, 255); background-color: rgb(242, 242, 242);\"></p></div><div class=\"cell son_right_bottom row6 column3 init\"><p class=\"number_p\">3</p></div><div class=\"clear\"></div></div><div class=\"court middle_middle\"><div class=\"cell son_left_top row4 column4 init\"><p class=\"number_p\">8</p></div><div class=\"cell son_middle_top row4 column5 normal\"><p class=\"number_p\" style=\"color: rgb(153, 0, 255); background-color: rgb(242, 242, 242);\"></p></div><div class=\"cell son_right_top row4 column6 init\"><p class=\"number_p\">9</p></div><div class=\"clear\"></div><div class=\"cell son_left_middle row5 column4 normal\"><p class=\"number_p\" style=\"color: rgb(153, 0, 255); background-color: rgb(242, 242, 242);\"></p></div><div class=\"cell son_middle_middle row5 column5 normal\"><p class=\"number_p\" style=\"color: rgb(149, 5, 255); background-color: rgb(239, 239, 239);\">5</p></div><div class=\"cell son_right_middle row5 column6 normal\"><p class=\"number_p\" style=\"color: rgb(153, 0, 255); background-color: rgb(242, 242, 242);\"></p></div><div class=\"clear\"></div><div class=\"cell son_left_bottom row6 column4 normal\"><p class=\"number_p\" style=\"color: rgb(153, 0, 255); background-color: rgb(242, 242, 242);\"></p></div><div class=\"cell son_middle_bottom row6 column5 normal\"><p class=\"number_p\" style=\"color: rgb(153, 0, 255); background-color: rgb(242, 242, 242);\"></p></div><div class=\"cell son_right_bottom row6 column6 normal\"><p class=\"number_p\" style=\"color: rgb(153, 0, 255); background-color: rgb(242, 242, 242);\"></p></div><div class=\"clear\"></div></div><div class=\"court right_middle\"><div class=\"cell son_left_top row4 column7 normal\"><p class=\"number_p\" style=\"color: rgb(153, 0, 255); background-color: rgb(242, 242, 242);\"></p></div><div class=\"cell son_middle_top row4 column8 normal\"><p class=\"number_p\" style=\"color: rgb(153, 0, 255); background-color: rgb(242, 242, 242);\"></p></div><div class=\"cell son_right_top row4 column9 init\"><p class=\"number_p\">5</p></div><div class=\"clear\"></div><div class=\"cell son_left_middle row5 column7 normal\"><p class=\"number_p\" style=\"color: rgb(153, 0, 255); background-color: rgb(242, 242, 242);\"></p></div><div class=\"cell son_middle_middle row5 column8 normal\"><p class=\"number_p\" style=\"color: rgb(153, 0, 255); background-color: rgb(242, 242, 242);\"></p></div><div class=\"cell son_right_middle row5 column9 init\"><p class=\"number_p\">8</p></div><div class=\"clear\"></div><div class=\"cell son_left_bottom row6 column7 init\"><p class=\"number_p\">9</p></div><div class=\"cell son_middle_bottom row6 column8 normal\"><p class=\"number_p\" style=\"color: rgb(153, 0, 255); background-color: rgb(242, 242, 242);\"></p></div><div class=\"cell son_right_bottom row6 column9 init\"><p class=\"number_p\">6</p></div><div class=\"clear\"></div></div><div class=\"clear\"></div><div class=\"court left_bottom\"><div class=\"cell son_left_top row7 column1 init\"><p class=\"number_p\">5</p></div><div class=\"cell son_middle_top row7 column2 normal\"><p class=\"number_p\" style=\"color: rgb(153, 0, 255); background-color: rgb(242, 242, 242);\"></p></div><div class=\"cell son_right_top row7 column3 normal\"><p class=\"number_p\" style=\"color: rgb(153, 0, 255); background-color: rgb(242, 242, 242);\"></p></div><div class=\"clear\"></div><div class=\"cell son_left_middle row8 column1 normal\"><p class=\"number_p\" style=\"color: rgb(153, 0, 255); background-color: rgb(242, 242, 242);\"></p></div><div class=\"cell son_middle_middle row8 column2 init\"><p class=\"number_p\">9</p></div><div class=\"cell son_right_middle row8 column3 normal\"><p class=\"number_p\" style=\"color: rgb(153, 0, 255); background-color: rgb(242, 242, 242);\"></p></div><div class=\"clear\"></div><div class=\"cell son_left_bottom row9 column1 normal\"><p class=\"number_p\" style=\"color: rgb(153, 0, 255); background-color: rgb(242, 242, 242);\"></p></div><div class=\"cell son_middle_bottom row9 column2 normal\"><p class=\"number_p\" style=\"color: rgb(153, 0, 255); background-color: rgb(242, 242, 242);\"></p></div><div class=\"cell son_right_bottom row9 column3 init\"><p class=\"number_p\">8</p></div><div class=\"clear\"></div></div><div class=\"court middle_bottom\"><div class=\"cell son_left_top row7 column4 init\"><p class=\"number_p\">4</p></div><div class=\"cell son_middle_top row7 column5 init\"><p class=\"number_p\">8</p></div><div class=\"cell son_right_top row7 column6 init\"><p class=\"number_p\">7</p></div><div class=\"clear\"></div><div class=\"cell son_left_middle row8 column4 normal\"><p class=\"number_p\" style=\"color: rgb(153, 0, 255); background-color: rgb(242, 242, 242);\"></p></div><div class=\"cell son_middle_middle row8 column5 normal\"><p class=\"number_p\" style=\"color: rgb(153, 0, 255); background-color: rgb(242, 242, 242);\"></p></div><div class=\"cell son_right_middle row8 column6 normal\"><p class=\"number_p\" style=\"color: rgb(153, 0, 255); background-color: rgb(242, 242, 242);\"></p></div><div class=\"clear\"></div><div class=\"cell son_left_bottom row9 column4 init\"><p class=\"number_p\">9</p></div><div class=\"cell son_middle_bottom row9 column5 init\"><p class=\"number_p\">6</p></div><div class=\"cell son_right_bottom row9 column6 init\"><p class=\"number_p\">2</p></div><div class=\"clear\"></div></div><div class=\"court right_bottom\"><div class=\"cell son_left_top row7 column7 normal\"><p class=\"number_p\" style=\"color: rgb(153, 0, 255); background-color: rgb(242, 242, 242);\"></p></div><div class=\"cell son_middle_top row7 column8 normal\"><p class=\"number_p\" style=\"color: rgb(153, 0, 255); background-color: rgb(242, 242, 242);\"></p></div><div class=\"cell son_right_top row7 column9 init\"><p class=\"number_p\">9</p></div><div class=\"clear\"></div><div class=\"cell son_left_middle row8 column7 normal\"><p class=\"number_p\" style=\"color: rgb(153, 0, 255); background-color: rgb(242, 242, 242);\"></p></div><div class=\"cell son_middle_middle row8 column8 init\"><p class=\"number_p\">8</p></div><div class=\"cell son_right_middle row8 column9 normal\"><p class=\"number_p\" style=\"color: rgb(153, 0, 255); background-color: rgb(242, 242, 242);\"></p></div><div class=\"clear\"></div><div class=\"cell son_left_bottom row9 column7 init\"><p class=\"number_p\">5</p></div><div class=\"cell son_middle_bottom row9 column8 normal\"><p class=\"number_p\" style=\"color: rgb(153, 0, 255); background-color: rgb(242, 242, 242);\"></p></div><div class=\"cell son_right_bottom row9 column9 normal\"><p class=\"number_p\" style=\"color: rgb(153, 0, 255); background-color: rgb(242, 242, 242);\"></p></div><div class=\"clear\"></div></div><div class=\"clear\"></div></div>    </div><!-- over -->    </div>    </div>        <div class=\"win_bottom\">    <!-- 游戏按钮 -->    <div class=\"game_btn\">    <p class=\"play_or_stop\"><a href=\"javaScript:void(0)\" onclick=\"stop()\" title=\"暂停游戏\" class=\"stop stop_able\"></a></p>        <p>    <a class=\"clear_btn clear_btn_able\" title=\"清除选中的数字\" href=\"javaScript:void(0)\" onclick=\"clearCell()\"></a>    </p>        <p>    <a class=\"replay replay_able\" title=\"重新开始\" href=\"javaScript:void(0)\" onclick=\"replay()\"></a>    </p>                <p><a class=\"save save_able\" title=\"保存进度\" onclick=\"saveGame()\" href=\"javaScript:void(0)\"></a></p>    <p><a class=\"load load_able\" title=\"载入进度\" onclick=\"loadGame(0)\" href=\"javaScript:void(0)\"></a></p>                    <div class=\"clear\"></div>    </div>        <!-- 游戏信息 -->    <div class=\"game_info\">    <p><span class=\"lable game_process_lable\"></span><span class=\"game_process\">2.00%</span></p>    <p><span class=\"lable game_time_lable\"></span><span class=\"game_time\">00:00:07</span></p>    <p><span class=\"lable game_status_lable\"></span><span class=\"game_status\">游戏中...</span></p>    <p><span class=\"lable game_level_lable\"></span><span class=\"game_level\">骨灰级</span></p>        <div class=\"clear\"></div>    </div>        <div class=\"clear\"></div>    </div>', '2', '2015-10-16 23:36:30');
INSERT INTO `game` VALUES ('4', '1', '3', 'easy', '<div class=\"win_head\">    <p class=\"win_head_icon\"><a href=\"javaScript:void(0)\" onclick=\"goBackIndex()\" class=\"back_btn\"></a></p><p>    </p><p class=\"win_head_title\" ondblclick=\"successful()\">简易 数独</p>        <p class=\"win_controll_close_btn win_controll_btn\"><a href=\"javaScript:void(0)\"></a></p><p>    </p><p class=\"win_controll_max_btn win_controll_btn\"><a href=\"javaScript:void(0)\"></a></p>    <p class=\"win_controll_min_btn win_controll_btn\"><a href=\"javaScript:void(0)\" class=\"able\"></a></p><p>        </p><div class=\"clear\"></div>    </div>        <div class=\"win_body\">    <div class=\"win_body_all\">    <div class=\"game\"><div class=\"game_main\"><div class=\"court left_top\"><div class=\"cell son_left_top row1 column1 normal\"><p class=\"number_p\" style=\"color: rgb(6, 244, 255); background-color: rgb(156, 156, 156);\">2</p></div><div class=\"cell son_middle_top row1 column2 init\"><p class=\"number_p\">7</p></div><div class=\"cell son_right_top row1 column3 init\"><p class=\"number_p\">3</p></div><div class=\"clear\"></div><div class=\"cell son_left_middle row2 column1 init\"><p class=\"number_p\">9</p></div><div class=\"cell son_middle_middle row2 column2 init\"><p class=\"number_p\">8</p></div><div class=\"cell son_right_middle row2 column3 init\"><p class=\"number_p\">4</p></div><div class=\"clear\"></div><div class=\"cell son_left_bottom row3 column1 init\"><p class=\"number_p\">5</p></div><div class=\"cell son_middle_bottom row3 column2 init\"><p class=\"number_p\">1</p></div><div class=\"cell son_right_bottom row3 column3 init\"><p class=\"number_p\">6</p></div><div class=\"clear\"></div></div><div class=\"court middle_top\"><div class=\"cell son_left_top row1 column4 init\"><p class=\"number_p\">1</p></div><div class=\"cell son_middle_top row1 column5 normal\"><p class=\"number_p\" style=\"color: rgb(153, 0, 255); background-color: rgb(242, 242, 242);\"></p></div><div class=\"cell son_right_top row1 column6 init\"><p class=\"number_p\">5</p></div><div class=\"clear\"></div><div class=\"cell son_left_middle row2 column4 normal\"><p class=\"number_p\" style=\"color: rgb(153, 0, 255); background-color: rgb(242, 242, 242);\"></p></div><div class=\"cell son_middle_middle row2 column5 init\"><p class=\"number_p\">3</p></div><div class=\"cell son_right_middle row2 column6 init\"><p class=\"number_p\">2</p></div><div class=\"clear\"></div><div class=\"cell son_left_bottom row3 column4 init\"><p class=\"number_p\">8</p></div><div class=\"cell son_middle_bottom row3 column5 normal\"><p class=\"number_p\" style=\"color: rgb(153, 0, 255); background-color: rgb(242, 242, 242);\"></p></div><div class=\"cell son_right_bottom row3 column6 normal\"><p class=\"number_p\" style=\"color: rgb(153, 0, 255); background-color: rgb(242, 242, 242);\"></p></div><div class=\"clear\"></div></div><div class=\"court right_top\"><div class=\"cell son_left_top row1 column7 normal\"><p class=\"number_p\" style=\"color: rgb(153, 0, 255); background-color: rgb(242, 242, 242);\"></p></div><div class=\"cell son_middle_top row1 column8 init\"><p class=\"number_p\">4</p></div><div class=\"cell son_right_top row1 column9 normal\"><p class=\"number_p\" style=\"color: rgb(153, 0, 255); background-color: rgb(242, 242, 242);\"></p></div><div class=\"clear\"></div><div class=\"cell son_left_middle row2 column7 normal\"><p class=\"number_p\" style=\"color: rgb(153, 0, 255); background-color: rgb(242, 242, 242);\"></p></div><div class=\"cell son_middle_middle row2 column8 normal\"><p class=\"number_p\" style=\"color: rgb(153, 0, 255); background-color: rgb(242, 242, 242);\"></p></div><div class=\"cell son_right_middle row2 column9 normal\"><p class=\"number_p\" style=\"color: rgb(153, 0, 255); background-color: rgb(242, 242, 242);\"></p></div><div class=\"clear\"></div><div class=\"cell son_left_bottom row3 column7 normal\"><p class=\"number_p\" style=\"color: rgb(153, 0, 255); background-color: rgb(242, 242, 242);\"></p></div><div class=\"cell son_middle_bottom row3 column8 init\"><p class=\"number_p\">3</p></div><div class=\"cell son_right_bottom row3 column9 normal\"><p class=\"number_p\" style=\"color: rgb(153, 0, 255); background-color: rgb(242, 242, 242);\"></p></div><div class=\"clear\"></div></div><div class=\"clear\"></div><div class=\"court left_middle\"><div class=\"cell son_left_top row4 column1 normal\"><p class=\"number_p\" style=\"color: rgb(153, 0, 255); background-color: rgb(242, 242, 242);\"></p></div><div class=\"cell son_middle_top row4 column2 normal\"><p class=\"number_p\" style=\"color: rgb(153, 0, 255); background-color: rgb(242, 242, 242);\"></p></div><div class=\"cell son_right_top row4 column3 init\"><p class=\"number_p\">7</p></div><div class=\"clear\"></div><div class=\"cell son_left_middle row5 column1 init\"><p class=\"number_p\">6</p></div><div class=\"cell son_middle_middle row5 column2 normal\"><p class=\"number_p\" style=\"color: rgb(153, 0, 255); background-color: rgb(242, 242, 242);\"></p></div><div class=\"cell son_right_middle row5 column3 normal\"><p class=\"number_p\" style=\"color: rgb(153, 0, 255); background-color: rgb(242, 242, 242);\"></p></div><div class=\"clear\"></div><div class=\"cell son_left_bottom row6 column1 init\"><p class=\"number_p\">4</p></div><div class=\"cell son_middle_bottom row6 column2 normal\"><p class=\"number_p\" style=\"color: rgb(153, 0, 255); background-color: rgb(242, 242, 242);\"></p></div><div class=\"cell son_right_bottom row6 column3 init\"><p class=\"number_p\">8</p></div><div class=\"clear\"></div></div><div class=\"court middle_middle\"><div class=\"cell son_left_top row4 column4 init\"><p class=\"number_p\">2</p></div><div class=\"cell son_middle_top row4 column5 init\"><p class=\"number_p\">1</p></div><div class=\"cell son_right_top row4 column6 init\"><p class=\"number_p\">6</p></div><div class=\"clear\"></div><div class=\"cell son_left_middle row5 column4 init\"><p class=\"number_p\">5</p></div><div class=\"cell son_middle_middle row5 column5 init\"><p class=\"number_p\">8</p></div><div class=\"cell son_right_middle row5 column6 init\"><p class=\"number_p\">4</p></div><div class=\"clear\"></div><div class=\"cell son_left_bottom row6 column4 normal\"><p class=\"number_p\" style=\"color: rgb(153, 0, 255); background-color: rgb(242, 242, 242);\"></p></div><div class=\"cell son_middle_bottom row6 column5 init\"><p class=\"number_p\">7</p></div><div class=\"cell son_right_bottom row6 column6 normal\"><p class=\"number_p\" style=\"color: rgb(153, 0, 255); background-color: rgb(242, 242, 242);\"></p></div><div class=\"clear\"></div></div><div class=\"court right_middle\"><div class=\"cell son_left_top row4 column7 normal\"><p class=\"number_p\" style=\"color: rgb(153, 0, 255); background-color: rgb(242, 242, 242);\"></p></div><div class=\"cell son_middle_top row4 column8 normal\"><p class=\"number_p\" style=\"color: rgb(153, 0, 255); background-color: rgb(242, 242, 242);\"></p></div><div class=\"cell son_right_top row4 column9 init\"><p class=\"number_p\">4</p></div><div class=\"clear\"></div><div class=\"cell son_left_middle row5 column7 normal\"><p class=\"number_p\" style=\"color: rgb(153, 0, 255); background-color: rgb(242, 242, 242);\"></p></div><div class=\"cell son_middle_middle row5 column8 init\"><p class=\"number_p\">7</p></div><div class=\"cell son_right_middle row5 column9 normal\"><p class=\"number_p\" style=\"color: rgb(153, 0, 255); background-color: rgb(242, 242, 242);\"></p></div><div class=\"clear\"></div><div class=\"cell son_left_bottom row6 column7 init\"><p class=\"number_p\">2</p></div><div class=\"cell son_middle_bottom row6 column8 normal\"><p class=\"number_p\" style=\"color: rgb(153, 0, 255); background-color: rgb(242, 242, 242);\"></p></div><div class=\"cell son_right_bottom row6 column9 init\"><p class=\"number_p\">6</p></div><div class=\"clear\"></div></div><div class=\"clear\"></div><div class=\"court left_bottom\"><div class=\"cell son_left_top row7 column1 init\"><p class=\"number_p\">1</p></div><div class=\"cell son_middle_top row7 column2 normal\"><p class=\"number_p\" style=\"color: rgb(153, 0, 255); background-color: rgb(242, 242, 242);\"></p></div><div class=\"cell son_right_top row7 column3 init\"><p class=\"number_p\">2</p></div><div class=\"clear\"></div><div class=\"cell son_left_middle row8 column1 init\"><p class=\"number_p\">8</p></div><div class=\"cell son_middle_middle row8 column2 init\"><p class=\"number_p\">6</p></div><div class=\"cell son_right_middle row8 column3 normal\"><p class=\"number_p\" style=\"color: rgb(153, 0, 255); background-color: rgb(242, 242, 242);\"></p></div><div class=\"clear\"></div><div class=\"cell son_left_bottom row9 column1 init\"><p class=\"number_p\">7</p></div><div class=\"cell son_middle_bottom row9 column2 init\"><p class=\"number_p\">4</p></div><div class=\"cell son_right_bottom row9 column3 init\"><p class=\"number_p\">9</p></div><div class=\"clear\"></div></div><div class=\"court middle_bottom\"><div class=\"cell son_left_top row7 column4 normal\"><p class=\"number_p\" style=\"color: rgb(153, 0, 255); background-color: rgb(242, 242, 242);\"></p></div><div class=\"cell son_middle_top row7 column5 normal\"><p class=\"number_p\" style=\"color: rgb(153, 0, 255); background-color: rgb(242, 242, 242);\"></p></div><div class=\"cell son_right_top row7 column6 init\"><p class=\"number_p\">8</p></div><div class=\"clear\"></div><div class=\"cell son_left_middle row8 column4 init\"><p class=\"number_p\">4</p></div><div class=\"cell son_middle_middle row8 column5 normal\"><p class=\"number_p\" style=\"color: rgb(153, 0, 255); background-color: rgb(242, 242, 242);\"></p></div><div class=\"cell son_right_middle row8 column6 normal\"><p class=\"number_p\" style=\"color: rgb(153, 0, 255); background-color: rgb(242, 242, 242);\"></p></div><div class=\"clear\"></div><div class=\"cell son_left_bottom row9 column4 normal\"><p class=\"number_p\" style=\"color: rgb(153, 0, 255); background-color: rgb(242, 242, 242);\"></p></div><div class=\"cell son_middle_bottom row9 column5 normal\"><p class=\"number_p\" style=\"color: rgb(153, 0, 255); background-color: rgb(242, 242, 242);\"></p></div><div class=\"cell son_right_bottom row9 column6 normal\"><p class=\"number_p\" style=\"color: rgb(153, 0, 255); background-color: rgb(242, 242, 242);\"></p></div><div class=\"clear\"></div></div><div class=\"court right_bottom\"><div class=\"cell son_left_top row7 column7 normal\"><p class=\"number_p\" style=\"color: rgb(153, 0, 255); background-color: rgb(242, 242, 242);\"></p></div><div class=\"cell son_middle_top row7 column8 init\"><p class=\"number_p\">9</p></div><div class=\"cell son_right_top row7 column9 init\"><p class=\"number_p\">7</p></div><div class=\"clear\"></div><div class=\"cell son_left_middle row8 column7 normal\"><p class=\"number_p\" style=\"color: rgb(153, 0, 255); background-color: rgb(242, 242, 242);\"></p></div><div class=\"cell son_middle_middle row8 column8 init\"><p class=\"number_p\">2</p></div><div class=\"cell son_right_middle row8 column9 init\"><p class=\"number_p\">1</p></div><div class=\"clear\"></div><div class=\"cell son_left_bottom row9 column7 init\"><p class=\"number_p\">6</p></div><div class=\"cell son_middle_bottom row9 column8 normal\"><p class=\"number_p\" style=\"color: rgb(153, 0, 255); background-color: rgb(242, 242, 242);\"></p></div><div class=\"cell son_right_bottom row9 column9 init\"><p class=\"number_p\">8</p></div><div class=\"clear\"></div></div><div class=\"clear\"></div></div>    </div><!-- over -->    </div>    </div>        <div class=\"win_bottom\">    <!-- 游戏按钮 -->    <div class=\"game_btn\">    <p class=\"play_or_stop\"><a href=\"javaScript:void(0)\" onclick=\"stop()\" title=\"暂停游戏\" class=\"stop stop_able\"></a></p>        <p>    <a class=\"clear_btn clear_btn_able\" title=\"清除选中的数字\" href=\"javaScript:void(0)\" onclick=\"clearCell()\"></a>    </p>        <p>    <a class=\"replay replay_able\" title=\"重新开始\" href=\"javaScript:void(0)\" onclick=\"replay()\"></a>    </p>                <p><a class=\"save save_able\" title=\"保存进度\" onclick=\"saveGame()\" href=\"javaScript:void(0)\"></a></p>    <p><a class=\"load load_able\" title=\"载入进度\" onclick=\"loadGame(0)\" href=\"javaScript:void(0)\"></a></p>                    <div class=\"clear\"></div>    </div>        <!-- 游戏信息 -->    <div class=\"game_info\">    <p><span class=\"lable game_process_lable\"></span><span class=\"game_process\">2.78%</span></p>    <p><span class=\"lable game_time_lable\"></span><span class=\"game_time\">00:00:03</span></p>    <p><span class=\"lable game_status_lable\"></span><span class=\"game_status\">游戏中...</span></p>    <p><span class=\"lable game_level_lable\"></span><span class=\"game_level\">初级</span></p>        <div class=\"clear\"></div>    </div>        <div class=\"clear\"></div>    </div>', '2', '2015-10-16 23:43:11');
INSERT INTO `game` VALUES ('5', '1', '2886', 'libra', '<div class=\"win_head\">    <p class=\"win_head_icon\"><a href=\"javaScript:void(0)\" onclick=\"goBackIndex()\" class=\"back_btn\"></a></p><p>    </p><p class=\"win_head_title\" ondblclick=\"successful()\">天秤座 数独</p>        <p class=\"win_controll_close_btn win_controll_btn\"><a href=\"javaScript:void(0)\"></a></p><p>    </p><p class=\"win_controll_max_btn win_controll_btn\"><a href=\"javaScript:void(0)\"></a></p>    <p class=\"win_controll_min_btn win_controll_btn\"><a href=\"javaScript:void(0)\" class=\"able\"></a></p><p>        </p><div class=\"clear\"></div>    </div>        <div class=\"win_body\">    <div class=\"win_body_all\">    <div class=\"game\"><div class=\"game_main\"><div class=\"court left_top\"><div class=\"cell son_left_top row1 column1 normal\"><p class=\"number_p\" style=\"color: rgb(153, 0, 255); background-color: rgb(242, 242, 242);\"></p></div><div class=\"cell son_middle_top row1 column2 normal\"><p class=\"number_p\" style=\"color: rgb(153, 0, 255); background-color: rgb(242, 242, 242);\"></p></div><div class=\"cell son_right_top row1 column3 normal\"><p class=\"number_p\" style=\"color: rgb(153, 0, 255); background-color: rgb(242, 242, 242);\">7</p></div><div class=\"clear\"></div><div class=\"cell son_left_middle row2 column1 normal\"><p class=\"number_p\" style=\"color: rgb(153, 0, 255); background-color: rgb(242, 242, 242);\"></p></div><div class=\"cell son_middle_middle row2 column2 normal\"><p class=\"number_p\" style=\"color: rgb(153, 0, 255); background-color: rgb(242, 242, 242);\"></p></div><div class=\"cell son_right_middle row2 column3 normal\"><p class=\"number_p\" style=\"color: rgb(153, 0, 255); background-color: rgb(242, 242, 242);\">8</p></div><div class=\"clear\"></div><div class=\"cell son_left_bottom row3 column1 normal\"><p class=\"number_p\" style=\"color: rgb(153, 0, 255); background-color: rgb(242, 242, 242);\"></p></div><div class=\"cell son_middle_bottom row3 column2 normal\"><p class=\"number_p\" style=\"color: rgb(153, 0, 255); background-color: rgb(242, 242, 242);\"></p></div><div class=\"cell son_right_bottom row3 column3 init\"><p class=\"number_p\">6</p></div><div class=\"clear\"></div></div><div class=\"court middle_top\"><div class=\"cell son_left_top row1 column4 normal\"><p class=\"number_p\" style=\"color: rgb(153, 0, 255); background-color: rgb(242, 242, 242);\"></p></div><div class=\"cell son_middle_top row1 column5 normal\"><p class=\"number_p\" style=\"color: rgb(153, 0, 255); background-color: rgb(242, 242, 242);\"></p><iframe id=\"tmp_downloadhelper_iframe\" style=\"display: none;\"></iframe></div><div class=\"cell son_right_top row1 column6 normal\"><p class=\"number_p\" style=\"color: rgb(153, 0, 255); background-color: rgb(242, 242, 242);\"></p></div><div class=\"clear\"></div><div class=\"cell son_left_middle row2 column4 init\"><p class=\"number_p\">7</p></div><div class=\"cell son_middle_middle row2 column5 init\"><p class=\"number_p\">2</p></div><div class=\"cell son_right_middle row2 column6 init\"><p class=\"number_p\">5</p></div><div class=\"clear\"></div><div class=\"cell son_left_bottom row3 column4 normal\"><p class=\"number_p\" style=\"color: rgb(153, 0, 255); background-color: rgb(242, 242, 242);\"></p></div><div class=\"cell son_middle_bottom row3 column5 normal\"><p class=\"number_p\" style=\"color: rgb(153, 0, 255); background-color: rgb(242, 242, 242);\"></p></div><div class=\"cell son_right_bottom row3 column6 normal\"><p class=\"number_p\" style=\"color: rgb(153, 0, 255); background-color: rgb(242, 242, 242);\"></p></div><div class=\"clear\"></div></div><div class=\"court right_top\"><div class=\"cell son_left_top row1 column7 normal\"><p class=\"number_p\" style=\"color: rgb(153, 0, 255); background-color: rgb(242, 242, 242);\"></p></div><div class=\"cell son_middle_top row1 column8 normal\"><p class=\"number_p\" style=\"color: rgb(153, 0, 255); background-color: rgb(242, 242, 242);\"></p></div><div class=\"cell son_right_top row1 column9 normal\"><p class=\"number_p\" style=\"color: rgb(153, 0, 255); background-color: rgb(242, 242, 242);\"></p></div><div class=\"clear\"></div><div class=\"cell son_left_middle row2 column7 normal\"><p class=\"number_p\" style=\"color: rgb(153, 0, 255); background-color: rgb(242, 242, 242);\"></p></div><div class=\"cell son_middle_middle row2 column8 normal\"><p class=\"number_p\" style=\"color: rgb(153, 0, 255); background-color: rgb(242, 242, 242);\"></p></div><div class=\"cell son_right_middle row2 column9 normal\"><p class=\"number_p\" style=\"color: rgb(153, 0, 255); background-color: rgb(242, 242, 242);\"></p></div><div class=\"clear\"></div><div class=\"cell son_left_bottom row3 column7 init\"><p class=\"number_p\">8</p></div><div class=\"cell son_middle_bottom row3 column8 normal\"><p class=\"number_p\" style=\"color: rgb(153, 0, 255); background-color: rgb(242, 242, 242);\"></p></div><div class=\"cell son_right_bottom row3 column9 normal\"><p class=\"number_p\" style=\"color: rgb(153, 0, 255); background-color: rgb(242, 242, 242);\"></p></div><div class=\"clear\"></div></div><div class=\"clear\"></div><div class=\"court left_middle\"><div class=\"cell son_left_top row4 column1 normal\"><p class=\"number_p\" style=\"color: rgb(153, 0, 255); background-color: rgb(242, 242, 242);\"></p></div><div class=\"cell son_middle_top row4 column2 normal\"><p class=\"number_p\" style=\"color: rgb(153, 0, 255); background-color: rgb(242, 242, 242);\"></p></div><div class=\"cell son_right_top row4 column3 init\"><p class=\"number_p\">1</p></div><div class=\"clear\"></div><div class=\"cell son_left_middle row5 column1 init\"><p class=\"number_p\">2</p></div><div class=\"cell son_middle_middle row5 column2 init\"><p class=\"number_p\">7</p></div><div class=\"cell son_right_middle row5 column3 init\"><p class=\"number_p\">5</p></div><div class=\"clear\"></div><div class=\"cell son_left_bottom row6 column1 init\"><p class=\"number_p\">8</p></div><div class=\"cell son_middle_bottom row6 column2 normal\"><p class=\"number_p\" style=\"color: rgb(153, 0, 255); background-color: rgb(242, 242, 242);\"></p></div><div class=\"cell son_right_bottom row6 column3 normal\"><p class=\"number_p\" style=\"color: rgb(153, 0, 255); background-color: rgb(242, 242, 242);\">4</p></div><div class=\"clear\"></div></div><div class=\"court middle_middle\"><div class=\"cell son_left_top row4 column4 normal\"><p class=\"number_p\" style=\"color: rgb(153, 0, 255); background-color: rgb(242, 242, 242);\"></p></div><div class=\"cell son_middle_top row4 column5 normal\"><p class=\"number_p\" style=\"color: rgb(153, 0, 255); background-color: rgb(242, 242, 242);\"></p></div><div class=\"cell son_right_top row4 column6 normal\"><p class=\"number_p\" style=\"color: rgb(153, 0, 255); background-color: rgb(242, 242, 242);\"></p></div><div class=\"clear\"></div><div class=\"cell son_left_middle row5 column4 normal\"><p class=\"number_p\" style=\"color: rgb(153, 0, 255); background-color: rgb(242, 242, 242);\"></p></div><div class=\"cell son_middle_middle row5 column5 normal\"><p class=\"number_p\" style=\"color: rgb(153, 0, 255); background-color: rgb(242, 242, 242);\"></p></div><div class=\"cell son_right_middle row5 column6 normal\"><p class=\"number_p\" style=\"color: rgb(153, 0, 255); background-color: rgb(242, 242, 242);\"></p></div><div class=\"clear\"></div><div class=\"cell son_left_bottom row6 column4 normal\"><p class=\"number_p\" style=\"color: rgb(153, 0, 255); background-color: rgb(242, 242, 242);\">1</p></div><div class=\"cell son_middle_bottom row6 column5 normal\"><p class=\"number_p\" style=\"color: rgb(153, 0, 255); background-color: rgb(242, 242, 242);\"></p></div><div class=\"cell son_right_bottom row6 column6 normal\"><p class=\"number_p\" style=\"color: rgb(153, 0, 255); background-color: rgb(242, 242, 242);\">2</p></div><div class=\"clear\"></div></div><div class=\"court right_middle\"><div class=\"cell son_left_top row4 column7 init\"><p class=\"number_p\">2</p></div><div class=\"cell son_middle_top row4 column8 normal\"><p class=\"number_p\" style=\"color: rgb(153, 0, 255); background-color: rgb(242, 242, 242);\">4</p></div><div class=\"cell son_right_top row4 column9 normal\"><p class=\"number_p\" style=\"color: rgb(153, 0, 255); background-color: rgb(242, 242, 242);\"></p></div><div class=\"clear\"></div><div class=\"cell son_left_middle row5 column7 init\"><p class=\"number_p\">3</p></div><div class=\"cell son_middle_middle row5 column8 init\"><p class=\"number_p\">8</p></div><div class=\"cell son_right_middle row5 column9 init\"><p class=\"number_p\">1</p></div><div class=\"clear\"></div><div class=\"cell son_left_bottom row6 column7 normal\"><p class=\"number_p\" style=\"color: rgb(153, 0, 255); background-color: rgb(242, 242, 242);\"></p></div><div class=\"cell son_middle_bottom row6 column8 normal\"><p class=\"number_p\" style=\"color: rgb(153, 0, 255); background-color: rgb(242, 242, 242);\"></p></div><div class=\"cell son_right_bottom row6 column9 init\"><p class=\"number_p\">6</p></div><div class=\"clear\"></div></div><div class=\"clear\"></div><div class=\"court left_bottom\"><div class=\"cell son_left_top row7 column1 normal\"><p class=\"number_p\" style=\"color: rgb(153, 0, 255); background-color: rgb(242, 242, 242);\"></p></div><div class=\"cell son_middle_top row7 column2 normal\"><p class=\"number_p\" style=\"color: rgb(153, 0, 255); background-color: rgb(242, 242, 242);\">8</p></div><div class=\"cell son_right_top row7 column3 normal\"><p class=\"number_p\" style=\"color: rgb(153, 0, 255); background-color: rgb(242, 242, 242);\">2</p></div><div class=\"clear\"></div><div class=\"cell son_left_middle row8 column1 normal\"><p class=\"number_p\" style=\"color: rgb(153, 0, 255); background-color: rgb(242, 242, 242);\"></p></div><div class=\"cell son_middle_middle row8 column2 init\"><p class=\"number_p\">4</p></div><div class=\"cell son_right_middle row8 column3 init\"><p class=\"number_p\">9</p></div><div class=\"clear\"></div><div class=\"cell son_left_bottom row9 column1 init\"><p class=\"number_p\">7</p></div><div class=\"cell son_middle_bottom row9 column2 init\"><p class=\"number_p\">1</p></div><div class=\"cell son_right_bottom row9 column3 normal\"><p class=\"number_p\" style=\"color: rgb(153, 0, 255); background-color: rgb(242, 242, 242);\">3</p></div><div class=\"clear\"></div></div><div class=\"court middle_bottom\"><div class=\"cell son_left_top row7 column4 normal\"><p class=\"number_p\" style=\"color: rgb(153, 0, 255); background-color: rgb(242, 242, 242);\"></p></div><div class=\"cell son_middle_top row7 column5 normal\"><p class=\"number_p\" style=\"color: rgb(153, 0, 255); background-color: rgb(242, 242, 242);\"></p></div><div class=\"cell son_right_top row7 column6 normal\"><p class=\"number_p\" style=\"color: rgb(153, 0, 255); background-color: rgb(242, 242, 242);\"></p></div><div class=\"clear\"></div><div class=\"cell son_left_middle row8 column4 normal\"><p class=\"number_p\" style=\"color: rgb(153, 0, 255); background-color: rgb(242, 242, 242);\"></p></div><div class=\"cell son_middle_middle row8 column5 init\"><p class=\"number_p\">1</p></div><div class=\"cell son_right_middle row8 column6 normal\"><p class=\"number_p\" style=\"color: rgb(153, 0, 255); background-color: rgb(242, 242, 242);\"></p></div><div class=\"clear\"></div><div class=\"cell son_left_bottom row9 column4 init\"><p class=\"number_p\">2</p></div><div class=\"cell son_middle_bottom row9 column5 normal\"><p class=\"number_p\" style=\"color: rgb(153, 0, 255); background-color: rgb(242, 242, 242);\"></p></div><div class=\"cell son_right_bottom row9 column6 init\"><p class=\"number_p\">8</p></div><div class=\"clear\"></div></div><div class=\"court right_bottom\"><div class=\"cell son_left_top row7 column7 normal\"><p class=\"number_p\" style=\"color: rgb(153, 0, 255); background-color: rgb(242, 242, 242);\"></p></div><div class=\"cell son_middle_top row7 column8 normal\"><p class=\"number_p\" style=\"color: rgb(153, 0, 255); background-color: rgb(242, 242, 242);\"></p></div><div class=\"cell son_right_top row7 column9 normal\"><p class=\"number_p\" style=\"color: rgb(153, 0, 255); background-color: rgb(242, 242, 242);\"></p></div><div class=\"clear\"></div><div class=\"cell son_left_middle row8 column7 init\"><p class=\"number_p\">7</p></div><div class=\"cell son_middle_middle row8 column8 init\"><p class=\"number_p\">2</p></div><div class=\"cell son_right_middle row8 column9 normal\"><p class=\"number_p\" style=\"color: rgb(153, 0, 255); background-color: rgb(242, 242, 242);\">8</p></div><div class=\"clear\"></div><div class=\"cell son_left_bottom row9 column7 normal\"><p class=\"number_p\" style=\"color: rgb(153, 0, 255); background-color: rgb(242, 242, 242);\"></p></div><div class=\"cell son_middle_bottom row9 column8 init\"><p class=\"number_p\">9</p></div><div class=\"cell son_right_bottom row9 column9 init\"><p class=\"number_p\">4</p></div><div class=\"clear\"></div></div><div class=\"clear\"></div></div>    </div><!-- over -->    </div>    </div>        <div class=\"win_bottom\">    <!-- 游戏按钮 -->    <div class=\"game_btn\">    <p class=\"play_or_stop\"><a href=\"javaScript:void(0)\" onclick=\"stop()\" title=\"暂停游戏\" class=\"stop stop_able\"></a></p>        <p>    <a class=\"clear_btn clear_btn_able\" title=\"清除选中的数字\" href=\"javaScript:void(0)\" onclick=\"clearCell()\"></a>    </p>        <p>    <a class=\"replay replay_able\" title=\"重新开始\" href=\"javaScript:void(0)\" onclick=\"replay()\"></a>    </p>                <p><a class=\"save save_able\" title=\"保存进度\" onclick=\"saveGame()\" href=\"javaScript:void(0)\"></a></p>    <p><a class=\"load load_able\" title=\"载入进度\" onclick=\"loadGame(0)\" href=\"javaScript:void(0)\"></a></p>                    <div class=\"clear\"></div>    </div>        <!-- 游戏信息 -->    <div class=\"game_info\">    <p><span class=\"lable game_process_lable\">游戏进度:</span><span class=\"game_process\">18.18%</span></p>    <p><span class=\"lable game_time_lable\">游戏时间:</span><span class=\"game_time\">00:48:06</span></p>    <p><span class=\"lable game_status_lable\">游戏状态:</span><span class=\"game_status\">游戏中...</span></p>    <p><span class=\"lable game_level_lable\">游戏难度:</span><span class=\"game_level\">骨灰级</span></p>        <div class=\"clear\"></div>    </div>        <div class=\"clear\"></div>    </div>', '6', '2015-10-31 10:22:14');
INSERT INTO `game` VALUES ('6', '1', '396', 'easy', '<div class=\"win_head\">    <p class=\"win_head_icon\"><a href=\"javaScript:void(0)\" onclick=\"goBackIndex()\" class=\"back_btn\"></a></p><p>    </p><p class=\"win_head_title\" ondblclick=\"successful()\">简易 数独</p>        <p class=\"win_controll_close_btn win_controll_btn\"><a href=\"javaScript:void(0)\"></a></p><p>    </p><p class=\"win_controll_max_btn win_controll_btn\"><a href=\"javaScript:void(0)\"></a></p>    <p class=\"win_controll_min_btn win_controll_btn\"><a href=\"javaScript:void(0)\" class=\"able\"></a></p><p>        </p><div class=\"clear\"></div>    </div>        <div class=\"win_body\">    <div class=\"win_body_all\">    <div class=\"game\"><div class=\"game_main\"><div class=\"court left_top\"><div class=\"cell son_left_top row1 column1 normal\"><p class=\"number_p\" style=\"color: rgb(153, 0, 255); background-color: rgb(242, 242, 242);\">2</p></div><div class=\"cell son_middle_top row1 column2 init\"><p class=\"number_p\">7</p></div><div class=\"cell son_right_top row1 column3 init\"><p class=\"number_p\">3</p></div><div class=\"clear\"></div><div class=\"cell son_left_middle row2 column1 init\"><p class=\"number_p\">9</p></div><div class=\"cell son_middle_middle row2 column2 init\"><p class=\"number_p\">8</p></div><div class=\"cell son_right_middle row2 column3 init\"><p class=\"number_p\">4</p></div><div class=\"clear\"></div><div class=\"cell son_left_bottom row3 column1 init\"><p class=\"number_p\">5</p></div><div class=\"cell son_middle_bottom row3 column2 init\"><p class=\"number_p\">1</p></div><div class=\"cell son_right_bottom row3 column3 init\"><p class=\"number_p\">6</p></div><div class=\"clear\"></div></div><div class=\"court middle_top\"><div class=\"cell son_left_top row1 column4 init\"><p class=\"number_p\">1</p></div><div class=\"cell son_middle_top row1 column5 normal\"><p class=\"number_p\" style=\"color: rgb(153, 0, 255); background-color: rgb(242, 242, 242);\">6</p></div><div class=\"cell son_right_top row1 column6 init\"><p class=\"number_p\">5</p></div><div class=\"clear\"></div><div class=\"cell son_left_middle row2 column4 normal\"><p class=\"number_p\" style=\"color: rgb(153, 0, 255); background-color: rgb(242, 242, 242);\">7</p></div><div class=\"cell son_middle_middle row2 column5 init\"><p class=\"number_p\">3</p></div><div class=\"cell son_right_middle row2 column6 init\"><p class=\"number_p\">2</p></div><div class=\"clear\"></div><div class=\"cell son_left_bottom row3 column4 init\"><p class=\"number_p\">8</p></div><div class=\"cell son_middle_bottom row3 column5 normal\"><p class=\"number_p\" style=\"color: rgb(153, 0, 255); background-color: rgb(242, 242, 242);\">4</p></div><div class=\"cell son_right_bottom row3 column6 normal\"><p class=\"number_p\" style=\"color: rgb(153, 0, 255); background-color: rgb(242, 242, 242);\">9</p></div><div class=\"clear\"></div></div><div class=\"court right_top\"><div class=\"cell son_left_top row1 column7 normal\"><p class=\"number_p\" style=\"color: rgb(153, 0, 255); background-color: rgb(242, 242, 242);\">8</p></div><div class=\"cell son_middle_top row1 column8 init\"><p class=\"number_p\">4</p></div><div class=\"cell son_right_top row1 column9 normal\"><p class=\"number_p\" style=\"color: rgb(153, 0, 255); background-color: rgb(242, 242, 242);\">9</p></div><div class=\"clear\"></div><div class=\"cell son_left_middle row2 column7 normal\"><p class=\"number_p\" style=\"color: rgb(153, 0, 255); background-color: rgb(242, 242, 242);\">1</p></div><div class=\"cell son_middle_middle row2 column8 normal\"><p class=\"number_p\" style=\"color: rgb(153, 0, 255); background-color: rgb(242, 242, 242);\">6</p></div><div class=\"cell son_right_middle row2 column9 normal\"><p class=\"number_p\" style=\"color: rgb(153, 0, 255); background-color: rgb(242, 242, 242);\">5</p></div><div class=\"clear\"></div><div class=\"cell son_left_bottom row3 column7 normal\"><p class=\"number_p\" style=\"color: rgb(153, 0, 255); background-color: rgb(242, 242, 242);\">7</p></div><div class=\"cell son_middle_bottom row3 column8 init\"><p class=\"number_p\">3</p></div><div class=\"cell son_right_bottom row3 column9 normal\"><p class=\"number_p\" style=\"color: rgb(153, 0, 255); background-color: rgb(242, 242, 242);\">2</p></div><div class=\"clear\"></div></div><div class=\"clear\"></div><div class=\"court left_middle\"><div class=\"cell son_left_top row4 column1 normal\"><p class=\"number_p\" style=\"color: rgb(153, 0, 255); background-color: rgb(242, 242, 242);\">3</p></div><div class=\"cell son_middle_top row4 column2 normal\"><p class=\"number_p\" style=\"color: rgb(153, 0, 255); background-color: rgb(242, 242, 242);\">9</p></div><div class=\"cell son_right_top row4 column3 init\"><p class=\"number_p\">7</p></div><div class=\"clear\"></div><div class=\"cell son_left_middle row5 column1 init\"><p class=\"number_p\">6</p></div><div class=\"cell son_middle_middle row5 column2 normal\"><p class=\"number_p\" style=\"color: rgb(153, 0, 255); background-color: rgb(242, 242, 242);\">2</p></div><div class=\"cell son_right_middle row5 column3 normal\"><p class=\"number_p\" style=\"color: rgb(153, 0, 255); background-color: rgb(242, 242, 242);\">1</p></div><div class=\"clear\"></div><div class=\"cell son_left_bottom row6 column1 init\"><p class=\"number_p\">4</p></div><div class=\"cell son_middle_bottom row6 column2 normal\"><p class=\"number_p\" style=\"color: rgb(153, 0, 255); background-color: rgb(242, 242, 242);\">5</p></div><div class=\"cell son_right_bottom row6 column3 init\"><p class=\"number_p\">8</p></div><div class=\"clear\"></div></div><div class=\"court middle_middle\"><div class=\"cell son_left_top row4 column4 init\"><p class=\"number_p\">2</p></div><div class=\"cell son_middle_top row4 column5 init\"><p class=\"number_p\">1</p></div><div class=\"cell son_right_top row4 column6 init\"><p class=\"number_p\">6</p></div><div class=\"clear\"></div><div class=\"cell son_left_middle row5 column4 init\"><p class=\"number_p\">5</p></div><div class=\"cell son_middle_middle row5 column5 init\"><p class=\"number_p\">8</p></div><div class=\"cell son_right_middle row5 column6 init\"><p class=\"number_p\">4</p></div><div class=\"clear\"></div><div class=\"cell son_left_bottom row6 column4 normal\"><p class=\"number_p\" style=\"color: rgb(153, 0, 255); background-color: rgb(242, 242, 242);\">9</p></div><div class=\"cell son_middle_bottom row6 column5 init\"><p class=\"number_p\">7</p></div><div class=\"cell son_right_bottom row6 column6 normal\"><p class=\"number_p\" style=\"color: rgb(153, 0, 255); background-color: rgb(242, 242, 242);\">3</p></div><div class=\"clear\"></div></div><div class=\"court right_middle\"><div class=\"cell son_left_top row4 column7 normal\"><p class=\"number_p\" style=\"color: rgb(153, 0, 255); background-color: rgb(242, 242, 242);\">5</p></div><div class=\"cell son_middle_top row4 column8 normal\"><p class=\"number_p\" style=\"color: rgb(153, 0, 255); background-color: rgb(242, 242, 242);\">8</p></div><div class=\"cell son_right_top row4 column9 init\"><p class=\"number_p\">4</p></div><div class=\"clear\"></div><div class=\"cell son_left_middle row5 column7 normal\"><p class=\"number_p\" style=\"color: rgb(153, 0, 255); background-color: rgb(242, 242, 242);\">9</p></div><div class=\"cell son_middle_middle row5 column8 init\"><p class=\"number_p\">7</p></div><div class=\"cell son_right_middle row5 column9 normal\"><p class=\"number_p\" style=\"color: rgb(153, 0, 255); background-color: rgb(242, 242, 242);\">3</p></div><div class=\"clear\"></div><div class=\"cell son_left_bottom row6 column7 init\"><p class=\"number_p\">2</p></div><div class=\"cell son_middle_bottom row6 column8 normal\"><p class=\"number_p\" style=\"color: rgb(153, 0, 255); background-color: rgb(242, 242, 242);\">1</p></div><div class=\"cell son_right_bottom row6 column9 init\"><p class=\"number_p\">6</p></div><div class=\"clear\"></div></div><div class=\"clear\"></div><div class=\"court left_bottom\"><div class=\"cell son_left_top row7 column1 init\"><p class=\"number_p\">1</p></div><div class=\"cell son_middle_top row7 column2 normal\"><p class=\"number_p\" style=\"color: rgb(153, 0, 255); background-color: rgb(242, 242, 242);\">3</p></div><div class=\"cell son_right_top row7 column3 init\"><p class=\"number_p\">2</p></div><div class=\"clear\"></div><div class=\"cell son_left_middle row8 column1 init\"><p class=\"number_p\">8</p></div><div class=\"cell son_middle_middle row8 column2 init\"><p class=\"number_p\">6</p></div><div class=\"cell son_right_middle row8 column3 normal\"><p class=\"number_p\" style=\"color: rgb(153, 0, 255); background-color: rgb(242, 242, 242);\">5</p></div><div class=\"clear\"></div><div class=\"cell son_left_bottom row9 column1 init\"><p class=\"number_p\">7</p></div><div class=\"cell son_middle_bottom row9 column2 init\"><p class=\"number_p\">4</p></div><div class=\"cell son_right_bottom row9 column3 init\"><p class=\"number_p\">9</p></div><div class=\"clear\"></div></div><div class=\"court middle_bottom\"><div class=\"cell son_left_top row7 column4 normal\"><p class=\"number_p\" style=\"color: rgb(153, 0, 255); background-color: rgb(242, 242, 242);\">6</p></div><div class=\"cell son_middle_top row7 column5 normal\"><p class=\"number_p\" style=\"color: rgb(153, 0, 255); background-color: rgb(242, 242, 242);\">5</p></div><div class=\"cell son_right_top row7 column6 init\"><p class=\"number_p\">8</p></div><div class=\"clear\"></div><div class=\"cell son_left_middle row8 column4 init\"><p class=\"number_p\">4</p></div><div class=\"cell son_middle_middle row8 column5 normal\"><p class=\"number_p\" style=\"color: rgb(153, 0, 255); background-color: rgb(242, 242, 242);\">9</p></div><div class=\"cell son_right_middle row8 column6 normal\"><p class=\"number_p\" style=\"color: rgb(153, 0, 255); background-color: rgb(242, 242, 242);\">7</p></div><div class=\"clear\"></div><div class=\"cell son_left_bottom row9 column4 normal\"><p class=\"number_p\" style=\"color: rgb(153, 0, 255); background-color: rgb(242, 242, 242);\"></p></div><div class=\"cell son_middle_bottom row9 column5 normal\"><p class=\"number_p\" style=\"color: rgb(3, 249, 255); background-color: rgb(154, 154, 154);\">2</p></div><div class=\"cell son_right_bottom row9 column6 normal\"><p class=\"number_p\" style=\"color: rgb(153, 0, 255); background-color: rgb(242, 242, 242);\">1</p></div><div class=\"clear\"></div></div><div class=\"court right_bottom\"><div class=\"cell son_left_top row7 column7 normal\"><p class=\"number_p\" style=\"color: rgb(153, 0, 255); background-color: rgb(242, 242, 242);\">4</p></div><div class=\"cell son_middle_top row7 column8 init\"><p class=\"number_p\">9</p></div><div class=\"cell son_right_top row7 column9 init\"><p class=\"number_p\">7</p></div><div class=\"clear\"></div><div class=\"cell son_left_middle row8 column7 normal\"><p class=\"number_p\" style=\"color: rgb(153, 0, 255); background-color: rgb(242, 242, 242);\">3</p></div><div class=\"cell son_middle_middle row8 column8 init\"><p class=\"number_p\">2</p></div><div class=\"cell son_right_middle row8 column9 init\"><p class=\"number_p\">1</p></div><div class=\"clear\"></div><div class=\"cell son_left_bottom row9 column7 init\"><p class=\"number_p\">6</p></div><div class=\"cell son_middle_bottom row9 column8 normal\"><p class=\"number_p\" style=\"color: rgb(153, 0, 255); background-color: rgb(242, 242, 242);\">5</p></div><div class=\"cell son_right_bottom row9 column9 init\"><p class=\"number_p\">8</p></div><div class=\"clear\"></div></div><div class=\"clear\"></div></div>    </div><!-- over -->    </div>    </div>        <div class=\"win_bottom\">    <!-- 游戏按钮 -->    <div class=\"game_btn\">    <p class=\"play_or_stop\"><a href=\"javaScript:void(0)\" onclick=\"stop()\" title=\"暂停游戏\" class=\"stop stop_able\"></a></p>        <p>    <a class=\"clear_btn clear_btn_able\" title=\"清除选中的数字\" href=\"javaScript:void(0)\" onclick=\"clearCell()\"></a>    </p>        <p>    <a class=\"replay replay_able\" title=\"重新开始\" href=\"javaScript:void(0)\" onclick=\"replay()\"></a>    </p>                <p><a class=\"save save_able\" title=\"保存进度\" onclick=\"saveGame()\" href=\"javaScript:void(0)\"></a></p>    <p><a class=\"load load_able\" title=\"载入进度\" onclick=\"loadGame(0)\" href=\"javaScript:void(0)\"></a></p>                    <div class=\"clear\"></div>    </div>        <!-- 游戏信息 -->    <div class=\"game_info\">    <p><span class=\"lable game_process_lable\">游戏进度:</span><span class=\"game_process\">97.22%</span></p>    <p><span class=\"lable game_time_lable\">游戏时间:</span><span class=\"game_time\">00:06:36</span></p>    <p><span class=\"lable game_status_lable\">游戏状态:</span><span class=\"game_status\">游戏中...</span></p>    <p><span class=\"lable game_level_lable\">游戏难度:</span><span class=\"game_level\">初级</span></p>        <div class=\"clear\"></div>    </div>        <div class=\"clear\"></div>    </div>', '6', '2015-10-31 10:31:29');
INSERT INTO `game` VALUES ('7', '1', '194', 'LRH', '<div class=\"win_head\">    <p class=\"win_head_icon\"><a href=\"javaScript:void(0)\" onclick=\"goBackIndex()\" class=\"back_btn\"></a></p><p>    </p><p class=\"win_head_title\">LRH 数独</p>        <p class=\"win_controll_close_btn win_controll_btn\"><a href=\"javaScript:void(0)\"></a></p><p>    </p><p class=\"win_controll_max_btn win_controll_btn\"><a href=\"javaScript:void(0)\"></a></p>    <p class=\"win_controll_min_btn win_controll_btn\"><a href=\"javaScript:void(0)\" class=\"able\"></a></p><p>        </p><div class=\"clear\"></div>    </div>        <div class=\"win_body\">    <div class=\"win_body_all\"><div class=\"game\"><div class=\"game_main\"><div class=\"court left_top\"><div class=\"cell son_left_top row1 column1 djx1 normal\"><p class=\"number_p\" style=\"color: rgb(153, 0, 255); background-color: rgb(242, 242, 242);\">7</p></div><div class=\"cell son_middle_top row1 column2 normal\"><p class=\"number_p\" style=\"color: rgb(153, 0, 255); background-color: rgb(242, 242, 242);\">1</p></div><div class=\"cell son_right_top row1 column3 normal\"><p class=\"number_p\" style=\"color: rgb(153, 0, 255); background-color: rgb(242, 242, 242);\">4</p></div><div class=\"clear\"></div><div class=\"cell son_left_middle row2 column1 normal\"><p class=\"number_p\" style=\"color: rgb(153, 0, 255); background-color: rgb(242, 242, 242);\">6</p></div><div class=\"cell son_middle_middle row2 column2 djx1 init\"><p class=\"number_p\">9</p></div><div class=\"cell son_right_middle row2 column3 normal\"><p class=\"number_p\" style=\"color: rgb(153, 0, 255); background-color: rgb(242, 242, 242);\">5</p></div><div class=\"clear\"></div><div class=\"cell son_left_bottom row3 column1 normal\"><p class=\"number_p\" style=\"color: rgb(153, 0, 255); background-color: rgb(242, 242, 242);\">8</p></div><div class=\"cell son_middle_bottom row3 column2 init\"><p class=\"number_p\">3</p></div><div class=\"cell son_right_bottom row3 column3 djx1 normal\"><p class=\"number_p\" style=\"color: rgb(153, 0, 255); background-color: rgb(242, 242, 242);\">2</p></div><div class=\"clear\"></div></div><div class=\"court middle_top\"><div class=\"cell son_left_top row1 column4 normal\"><p class=\"number_p\" style=\"color: rgb(153, 0, 255); background-color: rgb(242, 242, 242);\">6</p></div><div class=\"cell son_middle_top row1 column5 normal\"><p class=\"number_p\" style=\"color: rgb(153, 0, 255); background-color: rgb(242, 242, 242);\">5</p></div><div class=\"cell son_right_top row1 column6 normal\"><p class=\"number_p\" style=\"color: rgb(153, 0, 255); background-color: rgb(242, 242, 242);\">3</p></div><div class=\"clear\"></div><div class=\"cell son_left_middle row2 column4 normal\"><p class=\"number_p\" style=\"color: rgb(153, 0, 255); background-color: rgb(242, 242, 242);\">1</p></div><div class=\"cell son_middle_middle row2 column5 init\"><p class=\"number_p\">2</p></div><div class=\"cell son_right_middle row2 column6 init\"><p class=\"number_p\">8</p></div><div class=\"clear\"></div><div class=\"cell son_left_bottom row3 column4 normal\"><p class=\"number_p\" style=\"color: rgb(153, 0, 255); background-color: rgb(242, 242, 242);\">4</p></div><div class=\"cell son_middle_bottom row3 column5 init\"><p class=\"number_p\">9</p></div><div class=\"cell son_right_bottom row3 column6 normal\"><p class=\"number_p\" style=\"color: rgb(153, 0, 255); background-color: rgb(242, 242, 242);\">7</p></div><div class=\"clear\"></div></div><div class=\"court right_top\"><div class=\"cell son_left_top row1 column7 normal\"><p class=\"number_p\" style=\"color: rgb(153, 0, 255); background-color: rgb(242, 242, 242);\">8</p></div><div class=\"cell son_middle_top row1 column8 normal\"><p class=\"number_p\" style=\"color: rgb(153, 0, 255); background-color: rgb(242, 242, 242);\">2</p></div><div class=\"cell son_right_top row1 column9 djx2 normal\"><p class=\"number_p\" style=\"color: rgb(153, 0, 255); background-color: rgb(242, 242, 242);\">9</p></div><div class=\"clear\"></div><div class=\"cell son_left_middle row2 column7 init\"><p class=\"number_p\">4</p></div><div class=\"cell son_middle_middle row2 column8 djx2 normal\"><p class=\"number_p\" style=\"color: rgb(153, 0, 255); background-color: rgb(242, 242, 242);\">3</p></div><div class=\"cell son_right_middle row2 column9 normal\"><p class=\"number_p\" style=\"color: rgb(153, 0, 255); background-color: rgb(242, 242, 242);\">7</p></div><div class=\"clear\"></div><div class=\"cell son_left_bottom row3 column7 djx2 normal\"><p class=\"number_p\" style=\"color: rgb(153, 0, 255); background-color: rgb(242, 242, 242);\">1</p></div><div class=\"cell son_middle_bottom row3 column8 init\"><p class=\"number_p\">6</p></div><div class=\"cell son_right_bottom row3 column9 normal\"><p class=\"number_p\" style=\"color: rgb(153, 0, 255); background-color: rgb(242, 242, 242);\">5</p></div><div class=\"clear\"></div></div><div class=\"clear\"></div><div class=\"court left_middle\"><div class=\"cell son_left_top row4 column1 normal\"><p class=\"number_p\" style=\"color: rgb(153, 0, 255); background-color: rgb(242, 242, 242);\">4</p></div><div class=\"cell son_middle_top row4 column2 init\"><p class=\"number_p\">7</p></div><div class=\"cell son_right_top row4 column3 normal\"><p class=\"number_p\" style=\"color: rgb(153, 0, 255); background-color: rgb(242, 242, 242);\">1</p></div><div class=\"clear\"></div><div class=\"cell son_left_middle row5 column1 normal\"><p class=\"number_p\" style=\"color: rgb(153, 0, 255); background-color: rgb(242, 242, 242);\">2</p></div><div class=\"cell son_middle_middle row5 column2 init\"><p class=\"number_p\">5</p></div><div class=\"cell son_right_middle row5 column3 init\"><p class=\"number_p\">6</p></div><div class=\"clear\"></div><div class=\"cell son_left_bottom row6 column1 normal\"><p class=\"number_p\" style=\"color: rgb(153, 0, 255); background-color: rgb(242, 242, 242);\">9</p></div><div class=\"cell son_middle_bottom row6 column2 init\"><p class=\"number_p\">8</p></div><div class=\"cell son_right_bottom row6 column3 normal\"><p class=\"number_p\" style=\"color: rgb(153, 0, 255); background-color: rgb(242, 242, 242);\">3</p></div><div class=\"clear\"></div></div><div class=\"court middle_middle\"><div class=\"cell son_left_top row4 column4 djx1 normal\"><p class=\"number_p\" style=\"color: rgb(153, 0, 255); background-color: rgb(242, 242, 242);\">8</p></div><div class=\"cell son_middle_top row4 column5 init\"><p class=\"number_p\">3</p></div><div class=\"cell son_right_top row4 column6 djx2 normal\"><p class=\"number_p\" style=\"color: rgb(153, 0, 255); background-color: rgb(242, 242, 242);\">2</p></div><div class=\"clear\"></div><div class=\"cell son_left_middle row5 column4 init\"><p class=\"number_p\">9</p></div><div class=\"cell son_middle_middle row5 column5 djx1 djx2 init\"><p class=\"number_p\">4</p></div><div class=\"cell son_right_middle row5 column6 init\"><p class=\"number_p\">1</p></div><div class=\"clear\"></div><div class=\"cell son_left_bottom row6 column4 djx2 normal\"><p class=\"number_p\" style=\"color: rgb(153, 0, 255); background-color: rgb(242, 242, 242);\">7</p></div><div class=\"cell son_middle_bottom row6 column5 init\"><p class=\"number_p\">6</p></div><div class=\"cell son_right_bottom row6 column6 djx1 init\"><p class=\"number_p\">5</p></div><div class=\"clear\"></div></div><div class=\"court right_middle\"><div class=\"cell son_left_top row4 column7 normal\"><p class=\"number_p\" style=\"color: rgb(153, 0, 255); background-color: rgb(242, 242, 242);\">5</p></div><div class=\"cell son_middle_top row4 column8 init\"><p class=\"number_p\">9</p></div><div class=\"cell son_right_top row4 column9 normal\"><p class=\"number_p\" style=\"color: rgb(153, 0, 255); background-color: rgb(242, 242, 242);\">6</p></div><div class=\"clear\"></div><div class=\"cell son_left_middle row5 column7 init\"><p class=\"number_p\">3</p></div><div class=\"cell son_middle_middle row5 column8 normal\"><p class=\"number_p\" style=\"color: rgb(153, 0, 255); background-color: rgb(242, 242, 242);\">7</p></div><div class=\"cell son_right_middle row5 column9 normal\"><p class=\"number_p\" style=\"color: rgb(153, 0, 255); background-color: rgb(242, 242, 242);\">8</p></div><div class=\"clear\"></div><div class=\"cell son_left_bottom row6 column7 normal\"><p class=\"number_p\" style=\"color: rgb(153, 0, 255); background-color: rgb(242, 242, 242);\">2</p></div><div class=\"cell son_middle_bottom row6 column8 normal\"><p class=\"number_p\" style=\"color: rgb(153, 0, 255); background-color: rgb(242, 242, 242);\">4</p></div><div class=\"cell son_right_bottom row6 column9 normal\"><p class=\"number_p\" style=\"color: rgb(153, 0, 255); background-color: rgb(242, 242, 242);\">1</p></div><div class=\"clear\"></div></div><div class=\"clear\"></div><div class=\"court left_bottom\"><div class=\"cell son_left_top row7 column1 normal\"><p class=\"number_p\" style=\"color: rgb(153, 0, 255); background-color: rgb(242, 242, 242);\">1</p></div><div class=\"cell son_middle_top row7 column2 init\"><p class=\"number_p\">2</p></div><div class=\"cell son_right_top row7 column3 djx2 normal\"><p class=\"number_p\" style=\"color: rgb(153, 0, 255); background-color: rgb(242, 242, 242);\">8</p></div><div class=\"clear\"></div><div class=\"cell son_left_middle row8 column1 normal\"><p class=\"number_p\" style=\"color: rgb(153, 0, 255); background-color: rgb(242, 242, 242);\">3</p></div><div class=\"cell son_middle_middle row8 column2 djx2 init\"><p class=\"number_p\">6</p></div><div class=\"cell son_right_middle row8 column3 init\"><p class=\"number_p\">9</p></div><div class=\"clear\"></div><div class=\"cell son_left_bottom row9 column1 djx2 normal\"><p class=\"number_p\" style=\"color: rgb(153, 0, 255); background-color: rgb(242, 242, 242);\">5</p></div><div class=\"cell son_middle_bottom row9 column2 normal\"><p class=\"number_p\" style=\"color: rgb(153, 0, 255); background-color: rgb(242, 242, 242);\">4</p></div><div class=\"cell son_right_bottom row9 column3 normal\"><p class=\"number_p\" style=\"color: rgb(153, 0, 255); background-color: rgb(242, 242, 242);\">7</p></div><div class=\"clear\"></div></div><div class=\"court middle_bottom\"><div class=\"cell son_left_top row7 column4 normal\"><p class=\"number_p\" style=\"color: rgb(153, 0, 255); background-color: rgb(242, 242, 242);\">3</p></div><div class=\"cell son_middle_top row7 column5 init\"><p class=\"number_p\">7</p></div><div class=\"cell son_right_top row7 column6 normal\"><p class=\"number_p\" style=\"color: rgb(153, 0, 255); background-color: rgb(242, 242, 242);\">9</p></div><div class=\"clear\"></div><div class=\"cell son_left_middle row8 column4 init\"><p class=\"number_p\">5</p></div><div class=\"cell son_middle_middle row8 column5 init\"><p class=\"number_p\">8</p></div><div class=\"cell son_right_middle row8 column6 normal\"><p class=\"number_p\" style=\"color: rgb(153, 0, 255); background-color: rgb(242, 242, 242);\">4</p></div><div class=\"clear\"></div><div class=\"cell son_left_bottom row9 column4 normal\"><p class=\"number_p\" style=\"color: rgb(153, 0, 255); background-color: rgb(242, 242, 242);\">2</p></div><div class=\"cell son_middle_bottom row9 column5 normal\"><p class=\"number_p\" style=\"color: rgb(153, 0, 255); background-color: rgb(242, 242, 242);\">1</p></div><div class=\"cell son_right_bottom row9 column6 normal\"><p class=\"number_p\" style=\"color: rgb(153, 0, 255); background-color: rgb(242, 242, 242);\">6</p></div><div class=\"clear\"></div></div><div class=\"court right_bottom\"><div class=\"cell son_left_top row7 column7 djx1 init\"><p class=\"number_p\">6</p></div><div class=\"cell son_middle_top row7 column8 normal\"><p class=\"number_p\" style=\"color: rgb(153, 0, 255); background-color: rgb(242, 242, 242);\">5</p></div><div class=\"cell son_right_top row7 column9 normal\"><p class=\"number_p\" style=\"color: rgb(153, 0, 255); background-color: rgb(242, 242, 242);\">4</p></div><div class=\"clear\"></div><div class=\"cell son_left_middle row8 column7 normal\"><p class=\"number_p\" style=\"color: rgb(153, 0, 255); background-color: rgb(242, 242, 242);\">7</p></div><div class=\"cell son_middle_middle row8 column8 djx1 init\"><p class=\"number_p\">1</p></div><div class=\"cell son_right_middle row8 column9 normal\"><p class=\"number_p\" style=\"color: rgb(153, 0, 255); background-color: rgb(242, 242, 242);\">2</p></div><div class=\"clear\"></div><div class=\"cell son_left_bottom row9 column7 normal\"><p class=\"number_p\" style=\"color: rgb(153, 0, 255); background-color: rgb(242, 242, 242);\">9</p></div><div class=\"cell son_middle_bottom row9 column8 normal\"><p class=\"number_p\" style=\"color: rgb(153, 0, 255); background-color: rgb(242, 242, 242);\">8</p></div><div class=\"cell son_right_bottom row9 column9 djx1 normal\"><p class=\"number_p\" style=\"color: rgb(99, 87, 255); background-color: rgb(210, 210, 210);\"></p></div><div class=\"clear\"></div></div><div class=\"clear\"></div></div><div class=\"clear\"></div></div>    </div>    </div>        <div class=\"win_bottom\">    <!-- 游戏按钮 -->    <div class=\"game_btn\">    <p class=\"play_or_stop\"><a href=\"javaScript:void(0)\" onclick=\"stop()\" title=\"暂停游戏\" class=\"stop stop_able\"></a></p>        <p>    <a class=\"clear_btn clear_btn_able\" title=\"清除选中的数字\" href=\"javaScript:void(0)\" onclick=\"clearCell()\"></a>    </p>        <p>    <a class=\"replay replay_able\" title=\"重新开始\" href=\"javaScript:void(0)\" onclick=\"replay()\"></a>    </p>                <p><a class=\"save save_able\" title=\"保存进度\" onclick=\"saveGame()\" href=\"javaScript:void(0)\"></a></p>    <p><a class=\"load load_able\" title=\"载入进度\" onclick=\"loadGame(0)\" href=\"javaScript:void(0)\"></a></p>                    <div class=\"clear\"></div>    </div>        <!-- 游戏信息 -->    <div class=\"game_info\">    <p><span class=\"lable game_process_lable\">游戏进度:</span><span class=\"game_process\">98.15%</span></p>    <p><span class=\"lable game_time_lable\">游戏时间:</span><span class=\"game_time\">00:03:14</span></p>    <p><span class=\"lable game_status_lable\">游戏状态:</span><span class=\"game_status\">游戏中...</span></p>    <p><span class=\"lable game_level_lable\">游戏难度:</span><span class=\"game_level\">高级</span></p>        <div class=\"clear\"></div>    </div>        <div class=\"clear\"></div>    </div>', '6', '2015-11-28 14:37:35');
INSERT INTO `game` VALUES ('8', '1', '0', 'libra', '<div class=\"win_head\">    <p class=\"win_head_icon\"><a href=\"javaScript:void(0)\" onclick=\"goBackIndex()\" class=\"back_btn\"></a></p><p>    </p><p class=\"win_head_title\" ondblclick=\"successful()\">天秤座 数独</p>        <p class=\"win_controll_close_btn win_controll_btn\"><a href=\"javaScript:void(0)\"></a></p><p>    </p><p class=\"win_controll_max_btn win_controll_btn\"><a href=\"javaScript:void(0)\" class=\"unable\"></a></p>    <p class=\"win_controll_min_btn win_controll_btn\"><a href=\"javaScript:void(0)\" class=\"able\"></a></p><p>        </p><div class=\"clear\"></div>    </div>        <div class=\"win_body\" style=\"display: block;\">    <div class=\"win_body_all\">    <div class=\"game\"><div class=\"game_main\"><div class=\"court left_top\"><div class=\"cell son_left_top row1 column1 normal\"><p class=\"number_p\" style=\"color: rgb(153, 0, 255); background-color: rgb(242, 242, 242);\"></p></div><div class=\"cell son_middle_top row1 column2 normal\"><p class=\"number_p\" style=\"color: rgb(153, 0, 255); background-color: rgb(242, 242, 242);\"></p></div><div class=\"cell son_right_top row1 column3 normal\"><p class=\"number_p\" style=\"color: rgb(153, 0, 255); background-color: rgb(242, 242, 242);\"></p></div><div class=\"clear\"></div><div class=\"cell son_left_middle row2 column1 normal\"><p class=\"number_p\" style=\"color: rgb(153, 0, 255); background-color: rgb(242, 242, 242);\"></p></div><div class=\"cell son_middle_middle row2 column2 normal\"><p class=\"number_p\" style=\"color: rgb(153, 0, 255); background-color: rgb(242, 242, 242);\"></p></div><div class=\"cell son_right_middle row2 column3 normal\"><p class=\"number_p\" style=\"color: rgb(153, 0, 255); background-color: rgb(242, 242, 242);\"></p></div><div class=\"clear\"></div><div class=\"cell son_left_bottom row3 column1 normal\"><p class=\"number_p\" style=\"color: rgb(153, 0, 255); background-color: rgb(242, 242, 242);\"></p></div><div class=\"cell son_middle_bottom row3 column2 normal\"><p class=\"number_p\" style=\"color: rgb(153, 0, 255); background-color: rgb(242, 242, 242);\"></p></div><div class=\"cell son_right_bottom row3 column3 init\"><p class=\"number_p\">6</p></div><div class=\"clear\"></div></div><div class=\"court middle_top\"><div class=\"cell son_left_top row1 column4 normal\"><p class=\"number_p\" style=\"color: rgb(153, 0, 255); background-color: rgb(242, 242, 242);\"></p></div><div class=\"cell son_middle_top row1 column5 normal\"><p class=\"number_p\" style=\"color: rgb(153, 0, 255); background-color: rgb(242, 242, 242);\"></p></div><div class=\"cell son_right_top row1 column6 normal\"><p class=\"number_p\" style=\"color: rgb(153, 0, 255); background-color: rgb(242, 242, 242);\"></p></div><div class=\"clear\"></div><div class=\"cell son_left_middle row2 column4 init\"><p class=\"number_p\">7</p></div><div class=\"cell son_middle_middle row2 column5 init\"><p class=\"number_p\">2</p></div><div class=\"cell son_right_middle row2 column6 init\"><p class=\"number_p\">5</p></div><div class=\"clear\"></div><div class=\"cell son_left_bottom row3 column4 normal\"><p class=\"number_p\" style=\"color: rgb(153, 0, 255); background-color: rgb(242, 242, 242);\"></p></div><div class=\"cell son_middle_bottom row3 column5 normal\"><p class=\"number_p\" style=\"color: rgb(153, 0, 255); background-color: rgb(242, 242, 242);\"></p></div><div class=\"cell son_right_bottom row3 column6 normal\"><p class=\"number_p\" style=\"color: rgb(153, 0, 255); background-color: rgb(242, 242, 242);\"></p></div><div class=\"clear\"></div></div><div class=\"court right_top\"><div class=\"cell son_left_top row1 column7 normal\"><p class=\"number_p\" style=\"color: rgb(153, 0, 255); background-color: rgb(242, 242, 242);\"></p></div><div class=\"cell son_middle_top row1 column8 normal\"><p class=\"number_p\" style=\"color: rgb(153, 0, 255); background-color: rgb(242, 242, 242);\"></p></div><div class=\"cell son_right_top row1 column9 normal\"><p class=\"number_p\" style=\"color: rgb(153, 0, 255); background-color: rgb(242, 242, 242);\"></p></div><div class=\"clear\"></div><div class=\"cell son_left_middle row2 column7 normal\"><p class=\"number_p\" style=\"color: rgb(153, 0, 255); background-color: rgb(242, 242, 242);\"></p></div><div class=\"cell son_middle_middle row2 column8 normal\"><p class=\"number_p\" style=\"color: rgb(153, 0, 255); background-color: rgb(242, 242, 242);\"></p></div><div class=\"cell son_right_middle row2 column9 normal\"><p class=\"number_p\" style=\"color: rgb(153, 0, 255); background-color: rgb(242, 242, 242);\"></p></div><div class=\"clear\"></div><div class=\"cell son_left_bottom row3 column7 init\"><p class=\"number_p\">8</p></div><div class=\"cell son_middle_bottom row3 column8 normal\"><p class=\"number_p\" style=\"color: rgb(153, 0, 255); background-color: rgb(242, 242, 242);\"></p></div><div class=\"cell son_right_bottom row3 column9 normal\"><p class=\"number_p\" style=\"color: rgb(153, 0, 255); background-color: rgb(242, 242, 242);\"></p></div><div class=\"clear\"></div></div><div class=\"clear\"></div><div class=\"court left_middle\"><div class=\"cell son_left_top row4 column1 normal\"><p class=\"number_p\" style=\"color: rgb(153, 0, 255); background-color: rgb(242, 242, 242);\"></p></div><div class=\"cell son_middle_top row4 column2 normal\"><p class=\"number_p\" style=\"color: rgb(153, 0, 255); background-color: rgb(242, 242, 242);\"></p></div><div class=\"cell son_right_top row4 column3 init\"><p class=\"number_p\">1</p></div><div class=\"clear\"></div><div class=\"cell son_left_middle row5 column1 init\"><p class=\"number_p\">2</p></div><div class=\"cell son_middle_middle row5 column2 init\"><p class=\"number_p\">7</p></div><div class=\"cell son_right_middle row5 column3 init\"><p class=\"number_p\">5</p></div><div class=\"clear\"></div><div class=\"cell son_left_bottom row6 column1 init\"><p class=\"number_p\">8</p></div><div class=\"cell son_middle_bottom row6 column2 normal\"><p class=\"number_p\" style=\"color: rgb(153, 0, 255); background-color: rgb(242, 242, 242);\"></p></div><div class=\"cell son_right_bottom row6 column3 normal\"><p class=\"number_p\" style=\"color: rgb(153, 0, 255); background-color: rgb(242, 242, 242);\"></p></div><div class=\"clear\"></div></div><div class=\"court middle_middle\"><div class=\"cell son_left_top row4 column4 normal\"><p class=\"number_p\" style=\"color: rgb(153, 0, 255); background-color: rgb(242, 242, 242);\"></p></div><div class=\"cell son_middle_top row4 column5 normal\"><p class=\"number_p\" style=\"color: rgb(153, 0, 255); background-color: rgb(242, 242, 242);\"></p></div><div class=\"cell son_right_top row4 column6 normal\"><p class=\"number_p\" style=\"color: rgb(153, 0, 255); background-color: rgb(242, 242, 242);\"></p></div><div class=\"clear\"></div><div class=\"cell son_left_middle row5 column4 normal\"><p class=\"number_p\" style=\"color: rgb(153, 0, 255); background-color: rgb(242, 242, 242);\"></p></div><div class=\"cell son_middle_middle row5 column5 normal\"><p class=\"number_p\" style=\"color: rgb(153, 0, 255); background-color: rgb(242, 242, 242);\"></p></div><div class=\"cell son_right_middle row5 column6 normal\"><p class=\"number_p\" style=\"color: rgb(153, 0, 255); background-color: rgb(242, 242, 242);\"></p></div><div class=\"clear\"></div><div class=\"cell son_left_bottom row6 column4 normal\"><p class=\"number_p\" style=\"color: rgb(153, 0, 255); background-color: rgb(242, 242, 242);\"></p></div><div class=\"cell son_middle_bottom row6 column5 normal\"><p class=\"number_p\" style=\"color: rgb(153, 0, 255); background-color: rgb(242, 242, 242);\"></p></div><div class=\"cell son_right_bottom row6 column6 normal\"><p class=\"number_p\" style=\"color: rgb(153, 0, 255); background-color: rgb(242, 242, 242);\"></p></div><div class=\"clear\"></div></div><div class=\"court right_middle\"><div class=\"cell son_left_top row4 column7 init\"><p class=\"number_p\">2</p></div><div class=\"cell son_middle_top row4 column8 normal\"><p class=\"number_p\" style=\"color: rgb(153, 0, 255); background-color: rgb(242, 242, 242);\"></p></div><div class=\"cell son_right_top row4 column9 normal\"><p class=\"number_p\" style=\"color: rgb(153, 0, 255); background-color: rgb(242, 242, 242);\"></p></div><div class=\"clear\"></div><div class=\"cell son_left_middle row5 column7 init\"><p class=\"number_p\">3</p></div><div class=\"cell son_middle_middle row5 column8 init\"><p class=\"number_p\">8</p></div><div class=\"cell son_right_middle row5 column9 init\"><p class=\"number_p\">1</p></div><div class=\"clear\"></div><div class=\"cell son_left_bottom row6 column7 normal\"><p class=\"number_p\" style=\"color: rgb(153, 0, 255); background-color: rgb(242, 242, 242);\"></p></div><div class=\"cell son_middle_bottom row6 column8 normal\"><p class=\"number_p\" style=\"color: rgb(153, 0, 255); background-color: rgb(242, 242, 242);\"></p></div><div class=\"cell son_right_bottom row6 column9 init\"><p class=\"number_p\">6</p></div><div class=\"clear\"></div></div><div class=\"clear\"></div><div class=\"court left_bottom\"><div class=\"cell son_left_top row7 column1 normal\"><p class=\"number_p\" style=\"color: rgb(153, 0, 255); background-color: rgb(242, 242, 242);\"></p></div><div class=\"cell son_middle_top row7 column2 normal\"><p class=\"number_p\" style=\"color: rgb(153, 0, 255); background-color: rgb(242, 242, 242);\"></p></div><div class=\"cell son_right_top row7 column3 normal\"><p class=\"number_p\" style=\"color: rgb(153, 0, 255); background-color: rgb(242, 242, 242);\"></p></div><div class=\"clear\"></div><div class=\"cell son_left_middle row8 column1 normal\"><p class=\"number_p\" style=\"color: rgb(153, 0, 255); background-color: rgb(242, 242, 242);\"></p></div><div class=\"cell son_middle_middle row8 column2 init\"><p class=\"number_p\">4</p></div><div class=\"cell son_right_middle row8 column3 init\"><p class=\"number_p\">9</p></div><div class=\"clear\"></div><div class=\"cell son_left_bottom row9 column1 init\"><p class=\"number_p\">7</p></div><div class=\"cell son_middle_bottom row9 column2 init\"><p class=\"number_p\">1</p></div><div class=\"cell son_right_bottom row9 column3 normal\"><p class=\"number_p\" style=\"color: rgb(153, 0, 255); background-color: rgb(242, 242, 242);\"></p></div><div class=\"clear\"></div></div><div class=\"court middle_bottom\"><div class=\"cell son_left_top row7 column4 normal\"><p class=\"number_p\" style=\"color: rgb(153, 0, 255); background-color: rgb(242, 242, 242);\"></p></div><div class=\"cell son_middle_top row7 column5 normal\"><p class=\"number_p\" style=\"color: rgb(153, 0, 255); background-color: rgb(242, 242, 242);\"></p></div><div class=\"cell son_right_top row7 column6 normal\"><p class=\"number_p\" style=\"color: rgb(153, 0, 255); background-color: rgb(242, 242, 242);\"></p></div><div class=\"clear\"></div><div class=\"cell son_left_middle row8 column4 normal\"><p class=\"number_p\" style=\"color: rgb(153, 0, 255); background-color: rgb(242, 242, 242);\"></p></div><div class=\"cell son_middle_middle row8 column5 init\"><p class=\"number_p\">1</p></div><div class=\"cell son_right_middle row8 column6 normal\"><p class=\"number_p\" style=\"color: rgb(153, 0, 255); background-color: rgb(242, 242, 242);\"></p></div><div class=\"clear\"></div><div class=\"cell son_left_bottom row9 column4 init\"><p class=\"number_p\">2</p></div><div class=\"cell son_middle_bottom row9 column5 normal\"><p class=\"number_p\" style=\"color: rgb(153, 0, 255); background-color: rgb(242, 242, 242);\"></p></div><div class=\"cell son_right_bottom row9 column6 init\"><p class=\"number_p\">8</p></div><div class=\"clear\"></div></div><div class=\"court right_bottom\"><div class=\"cell son_left_top row7 column7 normal\"><p class=\"number_p\" style=\"color: rgb(153, 0, 255); background-color: rgb(242, 242, 242);\"></p></div><div class=\"cell son_middle_top row7 column8 normal\"><p class=\"number_p\" style=\"color: rgb(153, 0, 255); background-color: rgb(242, 242, 242);\"></p></div><div class=\"cell son_right_top row7 column9 normal\"><p class=\"number_p\" style=\"color: rgb(153, 0, 255); background-color: rgb(242, 242, 242);\"></p></div><div class=\"clear\"></div><div class=\"cell son_left_middle row8 column7 init\"><p class=\"number_p\">7</p></div><div class=\"cell son_middle_middle row8 column8 init\"><p class=\"number_p\">2</p></div><div class=\"cell son_right_middle row8 column9 normal\"><p class=\"number_p\" style=\"color: rgb(153, 0, 255); background-color: rgb(242, 242, 242);\"></p></div><div class=\"clear\"></div><div class=\"cell son_left_bottom row9 column7 normal\"><p class=\"number_p\" style=\"color: rgb(153, 0, 255); background-color: rgb(242, 242, 242);\"></p></div><div class=\"cell son_middle_bottom row9 column8 init\"><p class=\"number_p\">9</p></div><div class=\"cell son_right_bottom row9 column9 init\"><p class=\"number_p\">4</p></div><div class=\"clear\"></div></div><div class=\"clear\"></div></div>    </div><!-- over -->    </div>    </div>        <div class=\"win_bottom\">    <!-- 游戏按钮 -->    <div class=\"game_btn\">    <p class=\"play_or_stop\">    <a class=\"play play_able\" title=\"点击开始游戏\" href=\"javaScript:void(0)\" onclick=\"play()\"></a>    </p>        <p>    <a class=\"clear_btn clear_btn_able\" title=\"清除选中的数字\" href=\"javaScript:void(0)\" onclick=\"clearCell()\"></a>    </p>        <p>    <a class=\"replay replay_able\" title=\"重新开始\" href=\"javaScript:void(0)\" onclick=\"replay()\"></a>    </p>                <p><a class=\"save save_able\" title=\"保存进度\" onclick=\"saveGame()\" href=\"javaScript:void(0)\"></a></p>    <p><a class=\"load load_able\" title=\"载入进度\" onclick=\"loadGame(0)\" href=\"javaScript:void(0)\"></a></p>                    <div class=\"clear\"></div>    </div>        <!-- 游戏信息 -->    <div class=\"game_info\">    <p><span class=\"lable game_process_lable\">游戏进度:</span><span class=\"game_process\">0.00%</span></p>    <p><span class=\"lable game_time_lable\">游戏时间:</span><span class=\"game_time\">00:00:00</span></p>    <p><span class=\"lable game_status_lable\">游戏状态:</span><span class=\"game_status\">未开始</span></p>    <p><span class=\"lable game_level_lable\">游戏难度:</span><span class=\"game_level\">骨灰级</span></p>        <div class=\"clear\"></div>    </div>        <div class=\"clear\"></div>    </div>', '1', '2016-01-06 22:21:26');
INSERT INTO `game` VALUES ('9', '1', '244', 'heart', '<div class=\"win_head\">    <p class=\"win_head_icon\"><a href=\"javaScript:void(0)\" onclick=\"goBackIndex()\" class=\"back_btn\"></a></p><p>    </p><p class=\"win_head_title\" ondblclick=\"successful()\">心形 数独</p>        <p class=\"win_controll_close_btn win_controll_btn\"><a href=\"javaScript:void(0)\"></a></p><p>    </p><p class=\"win_controll_max_btn win_controll_btn\"><a href=\"javaScript:void(0)\"></a></p>    <p class=\"win_controll_min_btn win_controll_btn\"><a href=\"javaScript:void(0)\" class=\"able\"></a></p><p>        </p><div class=\"clear\"></div>    </div>        <div class=\"win_body\">    <div class=\"win_body_all\">    <div class=\"game\"><div class=\"game_main\"><div class=\"court left_top\"><div class=\"cell son_left_top row1 column1 normal\" style=\"z-index: 500;\"><p class=\"number_p\" style=\"color: rgb(153, 0, 255); background-color: rgb(242, 242, 242);\">5</p></div><div class=\"cell son_middle_top row1 column2 normal\" style=\"z-index: 500;\"><p class=\"number_p\" style=\"color: rgb(153, 0, 255); background-color: rgb(242, 242, 242);\">4</p></div><div class=\"cell son_right_top row1 column3 normal\" style=\"z-index: 500;\"><p class=\"number_p\" style=\"color: rgb(153, 0, 255); background-color: rgb(242, 242, 242);\">9</p></div><div class=\"clear\"></div><div class=\"cell son_left_middle row2 column1 normal\" style=\"z-index: 500;\"><p class=\"number_p\" style=\"color: rgb(153, 0, 255); background-color: rgb(242, 242, 242);\">6</p></div><div class=\"cell son_middle_middle row2 column2 init\" style=\"z-index: 500;\"><p class=\"number_p\">2</p></div><div class=\"cell son_right_middle row2 column3 init\" style=\"z-index: 500;\"><p class=\"number_p\">3</p></div><div class=\"clear\"></div><div class=\"cell son_left_bottom row3 column1 init\" style=\"z-index: 500;\"><p class=\"number_p\">1</p></div><div class=\"cell son_middle_bottom row3 column2 normal\" style=\"z-index: 500;\"><p class=\"number_p\" style=\"color: rgb(153, 0, 255); background-color: rgb(242, 242, 242);\">8</p></div><div class=\"cell son_right_bottom row3 column3 normal\" style=\"z-index: 500;\"><p class=\"number_p\" style=\"color: rgb(153, 0, 255); background-color: rgb(242, 242, 242);\">7</p></div><div class=\"clear\"></div></div><div class=\"court middle_top\"><div class=\"cell son_left_top row1 column4 normal\" style=\"z-index: 500;\"><p class=\"number_p\" style=\"color: rgb(153, 0, 255); background-color: rgb(242, 242, 242);\">7</p></div><div class=\"cell son_middle_top row1 column5 normal\" style=\"z-index: 500;\"><p class=\"number_p\" style=\"color: rgb(153, 0, 255); background-color: rgb(242, 242, 242);\">3</p></div><div class=\"cell son_right_top row1 column6 normal\" style=\"z-index: 500;\"><p class=\"number_p\" style=\"color: rgb(153, 0, 255); background-color: rgb(242, 242, 242);\">8</p></div><div class=\"clear\"></div><div class=\"cell son_left_middle row2 column4 normal\" style=\"z-index: 500;\"><p class=\"number_p\" style=\"color: rgb(153, 0, 255); background-color: rgb(242, 242, 242);\">9</p></div><div class=\"cell son_middle_middle row2 column5 normal\" style=\"z-index: 500;\"><p class=\"number_p\" style=\"color: rgb(153, 0, 255); background-color: rgb(242, 242, 242);\">1</p></div><div class=\"cell son_right_middle row2 column6 normal\" style=\"z-index: 500;\"><p class=\"number_p\" style=\"color: rgb(153, 0, 255); background-color: rgb(242, 242, 242);\">5</p></div><div class=\"clear\"></div><div class=\"cell son_left_bottom row3 column4 init\" style=\"z-index: 500;\"><p class=\"number_p\">4</p></div><div class=\"cell son_middle_bottom row3 column5 normal\" style=\"z-index: 500;\"><p class=\"number_p\" style=\"color: rgb(153, 0, 255); background-color: rgb(242, 242, 242);\">2</p></div><div class=\"cell son_right_bottom row3 column6 init\" style=\"z-index: 500;\"><p class=\"number_p\">6</p></div><div class=\"clear\"></div></div><div class=\"court right_top\"><div class=\"cell son_left_top row1 column7 normal\" style=\"z-index: 500;\"><p class=\"number_p\" style=\"color: rgb(153, 0, 255); background-color: rgb(242, 242, 242);\">1</p></div><div class=\"cell son_middle_top row1 column8 normal\" style=\"z-index: 500;\"><p class=\"number_p\" style=\"color: rgb(153, 0, 255); background-color: rgb(242, 242, 242);\">6</p></div><div class=\"cell son_right_top row1 column9 normal\" style=\"z-index: 500;\"><p class=\"number_p\" style=\"color: rgb(153, 0, 255); background-color: rgb(242, 242, 242);\">2</p></div><div class=\"clear\"></div><div class=\"cell son_left_middle row2 column7 init\" style=\"z-index: 500;\"><p class=\"number_p\">7</p></div><div class=\"cell son_middle_middle row2 column8 init\" style=\"z-index: 500;\"><p class=\"number_p\">8</p></div><div class=\"cell son_right_middle row2 column9 normal\" style=\"z-index: 500;\"><p class=\"number_p\" style=\"color: rgb(153, 0, 255); background-color: rgb(242, 242, 242);\">4</p></div><div class=\"clear\"></div><div class=\"cell son_left_bottom row3 column7 normal\" style=\"z-index: 500;\"><p class=\"number_p\" style=\"color: rgb(153, 0, 255); background-color: rgb(242, 242, 242);\">3</p></div><div class=\"cell son_middle_bottom row3 column8 normal\" style=\"z-index: 500;\"><p class=\"number_p\" style=\"color: rgb(153, 0, 255); background-color: rgb(242, 242, 242);\">5</p></div><div class=\"cell son_right_bottom row3 column9 init\" style=\"z-index: 500;\"><p class=\"number_p\">9</p></div><div class=\"clear\"></div></div><div class=\"clear\"></div><div class=\"court left_middle\"><div class=\"cell son_left_top row4 column1 init\" style=\"z-index: 500;\"><p class=\"number_p\">4</p></div><div class=\"cell son_middle_top row4 column2 normal\" style=\"z-index: 500;\"><p class=\"number_p\" style=\"color: rgb(153, 0, 255); background-color: rgb(242, 242, 242);\">3</p></div><div class=\"cell son_right_top row4 column3 normal\" style=\"z-index: 500;\"><p class=\"number_p\" style=\"color: rgb(153, 0, 255); background-color: rgb(242, 242, 242);\">8</p></div><div class=\"clear\"></div><div class=\"cell son_left_middle row5 column1 init\" style=\"z-index: 500;\"><p class=\"number_p\">9</p></div><div class=\"cell son_middle_middle row5 column2 normal\" style=\"z-index: 500;\"><p class=\"number_p\" style=\"color: rgb(153, 0, 255); background-color: rgb(242, 242, 242);\">5</p></div><div class=\"cell son_right_middle row5 column3 normal\" style=\"z-index: 500;\"><p class=\"number_p\" style=\"color: rgb(153, 0, 255); background-color: rgb(242, 242, 242);\">1</p></div><div class=\"clear\"></div><div class=\"cell son_left_bottom row6 column1 normal\" style=\"z-index: 500;\"><p class=\"number_p\" style=\"color: rgb(153, 0, 255); background-color: rgb(242, 242, 242);\">7</p></div><div class=\"cell son_middle_bottom row6 column2 init\" style=\"z-index: 500;\"><p class=\"number_p\">6</p></div><div class=\"cell son_right_bottom row6 column3 normal\" style=\"z-index: 500;\"><p class=\"number_p\" style=\"color: rgb(153, 0, 255); background-color: rgb(242, 242, 242);\">2</p></div><div class=\"clear\"></div></div><div class=\"court middle_middle\"><div class=\"cell son_left_top row4 column4 normal\" style=\"z-index: 500;\"><p class=\"number_p\" style=\"color: rgb(153, 0, 255); background-color: rgb(242, 242, 242);\">6</p></div><div class=\"cell son_middle_top row4 column5 init\" style=\"z-index: 500;\"><p class=\"number_p\">5</p></div><div class=\"cell son_right_top row4 column6 normal\" style=\"z-index: 500;\"><p class=\"number_p\" style=\"color: rgb(153, 0, 255); background-color: rgb(242, 242, 242);\">9</p></div><div class=\"clear\"></div><div class=\"cell son_left_middle row5 column4 normal\" style=\"z-index: 500;\"><p class=\"number_p\" style=\"color: rgb(153, 0, 255); background-color: rgb(242, 242, 242);\">8</p></div><div class=\"cell son_middle_middle row5 column5 normal\" style=\"z-index: 500;\"><p class=\"number_p\" style=\"color: rgb(153, 0, 255); background-color: rgb(242, 242, 242);\">7</p></div><div class=\"cell son_right_middle row5 column6 normal\" style=\"z-index: 500;\"><p class=\"number_p\" style=\"color: rgb(153, 0, 255); background-color: rgb(242, 242, 242);\">2</p></div><div class=\"clear\"></div><div class=\"cell son_left_bottom row6 column4 normal\" style=\"z-index: 500;\"><p class=\"number_p\" style=\"color: rgb(153, 0, 255); background-color: rgb(242, 242, 242);\">1</p></div><div class=\"cell son_middle_bottom row6 column5 normal\" style=\"z-index: 500;\"><p class=\"number_p\" style=\"color: rgb(153, 0, 255); background-color: rgb(242, 242, 242);\">4</p></div><div class=\"cell son_right_bottom row6 column6 normal\" style=\"z-index: 500;\"><p class=\"number_p\" style=\"color: rgb(153, 0, 255); background-color: rgb(242, 242, 242);\">3</p></div><div class=\"clear\"></div></div><div class=\"court right_middle\"><div class=\"cell son_left_top row4 column7 normal\" style=\"z-index: 500;\"><p class=\"number_p\" style=\"color: rgb(153, 0, 255); background-color: rgb(242, 242, 242);\">2</p></div><div class=\"cell son_middle_top row4 column8 normal\" style=\"z-index: 500;\"><p class=\"number_p\" style=\"color: rgb(153, 0, 255); background-color: rgb(242, 242, 242);\">7</p></div><div class=\"cell son_right_top row4 column9 init\" style=\"z-index: 500;\"><p class=\"number_p\">1</p></div><div class=\"clear\"></div><div class=\"cell son_left_middle row5 column7 normal\" style=\"z-index: 500;\"><p class=\"number_p\" style=\"color: rgb(153, 0, 255); background-color: rgb(242, 242, 242);\">4</p></div><div class=\"cell son_middle_middle row5 column8 normal\" style=\"z-index: 500;\"><p class=\"number_p\" style=\"color: rgb(153, 0, 255); background-color: rgb(242, 242, 242);\">3</p></div><div class=\"cell son_right_middle row5 column9 init\" style=\"z-index: 500;\"><p class=\"number_p\">6</p></div><div class=\"clear\"></div><div class=\"cell son_left_bottom row6 column7 normal\" style=\"z-index: 500;\"><p class=\"number_p\" style=\"color: rgb(153, 0, 255); background-color: rgb(242, 242, 242);\">5</p></div><div class=\"cell son_middle_bottom row6 column8 init\" style=\"z-index: 500;\"><p class=\"number_p\">9</p></div><div class=\"cell son_right_bottom row6 column9 normal\" style=\"z-index: 500;\"><p class=\"number_p\" style=\"color: rgb(153, 0, 255); background-color: rgb(242, 242, 242);\">8</p></div><div class=\"clear\"></div></div><div class=\"clear\"></div><div class=\"court left_bottom\"><div class=\"cell son_left_top row7 column1 normal\" style=\"z-index: 500;\"><p class=\"number_p\" style=\"color: rgb(153, 0, 255); background-color: rgb(242, 242, 242);\">3</p></div><div class=\"cell son_middle_top row7 column2 normal\" style=\"z-index: 500;\"><p class=\"number_p\" style=\"color: rgb(153, 0, 255); background-color: rgb(242, 242, 242);\">9</p></div><div class=\"cell son_right_top row7 column3 init\" style=\"z-index: 500;\"><p class=\"number_p\">5</p></div><div class=\"clear\"></div><div class=\"cell son_left_middle row8 column1 normal\" style=\"z-index: 500;\"><p class=\"number_p\" style=\"color: rgb(153, 0, 255); background-color: rgb(242, 242, 242);\">2</p></div><div class=\"cell son_middle_middle row8 column2 normal\" style=\"z-index: 500;\"><p class=\"number_p\" style=\"color: rgb(153, 0, 255); background-color: rgb(242, 242, 242);\">7</p></div><div class=\"cell son_right_middle row8 column3 normal\" style=\"z-index: 500;\"><p class=\"number_p\" style=\"color: rgb(153, 0, 255); background-color: rgb(242, 242, 242);\">6</p></div><div class=\"clear\"></div><div class=\"cell son_left_bottom row9 column1 normal\" style=\"z-index: 500;\"><p class=\"number_p\" style=\"color: rgb(153, 0, 255); background-color: rgb(242, 242, 242);\">8</p></div><div class=\"cell son_middle_bottom row9 column2 normal\" style=\"z-index: 500;\"><p class=\"number_p\" style=\"color: rgb(153, 0, 255); background-color: rgb(242, 242, 242);\">1</p></div><div class=\"cell son_right_bottom row9 column3 normal\" style=\"z-index: 500;\"><p class=\"number_p\" style=\"color: rgb(153, 0, 255); background-color: rgb(242, 242, 242);\">4</p></div><div class=\"clear\"></div></div><div class=\"court middle_bottom\"><div class=\"cell son_left_top row7 column4 normal\" style=\"z-index: 500;\"><p class=\"number_p\" style=\"color: rgb(153, 0, 255); background-color: rgb(242, 242, 242);\">2</p></div><div class=\"cell son_middle_top row7 column5 normal\" style=\"z-index: 500;\"><p class=\"number_p\" style=\"color: rgb(153, 0, 255); background-color: rgb(242, 242, 242);\">6</p></div><div class=\"cell son_right_top row7 column6 normal\" style=\"z-index: 500;\"><p class=\"number_p\" style=\"color: rgb(153, 0, 255); background-color: rgb(242, 242, 242);\">4</p></div><div class=\"clear\"></div><div class=\"cell son_left_middle row8 column4 init\" style=\"z-index: 500;\"><p class=\"number_p\">3</p></div><div class=\"cell son_middle_middle row8 column5 normal\" style=\"z-index: 500;\"><p class=\"number_p\" style=\"color: rgb(153, 0, 255); background-color: rgb(242, 242, 242);\">8</p></div><div class=\"cell son_right_middle row8 column6 init\" style=\"z-index: 500;\"><p class=\"number_p\">1</p></div><div class=\"clear\"></div><div class=\"cell son_left_bottom row9 column4 normal\" style=\"z-index: 500;\"><p class=\"number_p\" style=\"color: rgb(153, 0, 255); background-color: rgb(242, 242, 242);\">5</p></div><div class=\"cell son_middle_bottom row9 column5 init\" style=\"z-index: 500;\"><p class=\"number_p\">9</p></div><div class=\"cell son_right_bottom row9 column6 normal\" style=\"z-index: 500;\"><p class=\"number_p\" style=\"color: rgb(153, 0, 255); background-color: rgb(242, 242, 242);\">7</p></div><div class=\"clear\"></div></div><div class=\"court right_bottom\"><div class=\"cell son_left_top row7 column7 init\" style=\"z-index: 500;\"><p class=\"number_p\">8</p></div><div class=\"cell son_middle_top row7 column8 normal\" style=\"z-index: 500;\"><p class=\"number_p\" style=\"color: rgb(153, 0, 255); background-color: rgb(242, 242, 242);\">1</p></div><div class=\"cell son_right_top row7 column9 normal\" style=\"z-index: 500;\"><p class=\"number_p\" style=\"color: rgb(153, 0, 255); background-color: rgb(242, 242, 242);\">7</p></div><div class=\"clear\"></div><div class=\"cell son_left_middle row8 column7 normal\" style=\"z-index: 500;\"><p class=\"number_p\" style=\"color: rgb(153, 0, 255); background-color: rgb(242, 242, 242);\">9</p></div><div class=\"cell son_middle_middle row8 column8 normal\" style=\"z-index: 500;\"><p class=\"number_p\" style=\"color: rgb(153, 0, 255); background-color: rgb(242, 242, 242);\">4</p></div><div class=\"cell son_right_middle row8 column9 normal\" style=\"z-index: 500;\"><p class=\"number_p\" style=\"color: rgb(153, 0, 255); background-color: rgb(242, 242, 242);\">5</p></div><div class=\"clear\"></div><div class=\"cell son_left_bottom row9 column7 normal\" style=\"z-index: 500;\"><p class=\"number_p\" style=\"color: rgb(153, 0, 255); background-color: rgb(242, 242, 242);\">6</p></div><div class=\"cell son_middle_bottom row9 column8 normal\" style=\"z-index: 9999;\"><p class=\"number_p\" style=\"color: rgb(153, 0, 255); background-color: rgb(242, 242, 242);\">2</p></div><div class=\"cell son_right_bottom row9 column9 normal\" style=\"z-index: 500;\"><p class=\"number_p\" style=\"color: rgb(153, 0, 255); background-color: rgb(242, 242, 242);\"></p></div><div class=\"clear\"></div></div><div class=\"clear\"></div></div>    </div><!-- over -->    </div>    </div>        <div class=\"win_bottom\">    <!-- 游戏按钮 -->    <div class=\"game_btn\">    <p class=\"play_or_stop\"><a href=\"javaScript:void(0)\" onclick=\"stop()\" title=\"暂停游戏\" class=\"stop stop_able\"></a></p>        <p>    <a class=\"clear_btn clear_btn_able\" title=\"清除选中的数字\" href=\"javaScript:void(0)\" onclick=\"clearCell()\"></a>    </p>        <p>    <a class=\"replay replay_able\" title=\"重新开始\" href=\"javaScript:void(0)\" onclick=\"replay()\"></a>    </p>                <p><a class=\"save save_able\" title=\"保存进度\" onclick=\"saveGame()\" href=\"javaScript:void(0)\"></a></p>    <p><a class=\"load load_able\" title=\"载入进度\" onclick=\"loadGame(0)\" href=\"javaScript:void(0)\"></a></p>                    <div class=\"clear\"></div>    </div>        <!-- 游戏信息 -->    <div class=\"game_info\">    <p><span class=\"lable game_process_lable\">游戏进度:</span><span class=\"game_process\">98.36%</span></p>    <p><span class=\"lable game_time_lable\">游戏时间:</span><span class=\"game_time\">00:04:04</span></p>    <p><span class=\"lable game_status_lable\">游戏状态:</span><span class=\"game_status\">游戏中...</span></p>    <p><span class=\"lable game_level_lable\">游戏难度:</span><span class=\"game_level\">骨灰级</span></p>        <div class=\"clear\"></div>    </div>        <div class=\"clear\"></div>    </div>', '6', '2016-03-10 21:34:07');

-- ----------------------------
-- Table structure for notice_message
-- ----------------------------
DROP TABLE IF EXISTS `notice_message`;
CREATE TABLE `notice_message` (
  `id` bigint(20) NOT NULL AUTO_INCREMENT,
  `user_id` int(11) NOT NULL,
  `title` varchar(64) DEFAULT NULL,
  `content` varchar(512) DEFAULT NULL,
  `message_type` smallint(6) NOT NULL,
  `time` varchar(24) DEFAULT NULL,
  `is_read` tinyint(1) NOT NULL DEFAULT '0',
  `url` varchar(128) DEFAULT NULL,
  `initiator_id` int(11) DEFAULT NULL COMMENT '发起人id',
  `model` smallint(2) NOT NULL COMMENT '模块',
  `data_id` bigint(20) NOT NULL COMMENT '模块下数据id',
  PRIMARY KEY (`id`),
  KEY `FK_notice_user` (`user_id`),
  KEY `FK_initiator_user` (`initiator_id`),
  CONSTRAINT `FK_initiator_user` FOREIGN KEY (`initiator_id`) REFERENCES `user` (`id`) ON DELETE CASCADE ON UPDATE NO ACTION,
  CONSTRAINT `FK_notice_user` FOREIGN KEY (`user_id`) REFERENCES `user` (`id`) ON DELETE CASCADE ON UPDATE NO ACTION
) ENGINE=InnoDB AUTO_INCREMENT=12 DEFAULT CHARSET=utf8;

-- ----------------------------
-- Records of notice_message
-- ----------------------------
INSERT INTO `notice_message` VALUES ('1', '6', '您发表的吐槽有了新的评论!', '[Sailing_LRH] 评论:<br/>\"<img src=\"/resources/default/img/emoji/113.gif\"/>\"', '2', '2016-01-31 19:23:37', '1', '/data/tail?model=7&dataId=111', '1', '7', '111');
INSERT INTO `notice_message` VALUES ('2', '6', '您发表的吐槽有了新的点赞!', '[Sailing_LRH] 为您的吐槽点了个赞!', '2', '2016-01-31 19:23:57', '1', '/data/tail?model=7&dataId=111', '1', '7', '111');
INSERT INTO `notice_message` VALUES ('3', '1', '您发表的吐槽有了新的评论!', '[test123] 评论:<br/>\"<img src=\"/resources/default/img/emoji/120.gif\"/>\"', '2', '2016-03-12 22:49:54', '1', '/data/tail?model=7&dataId=113', '6', '7', '113');
INSERT INTO `notice_message` VALUES ('6', '6', '您发表的博文有了新的点赞!', '[Sailing_LRH] 为您的博文点了个赞!', '2', '2016-03-13 14:42:06', '1', '/blog//blogDetail/13', '1', '9', '13');
INSERT INTO `notice_message` VALUES ('7', '6', '您发表的博文有了新的评论!', '[Sailing_LRH] 评论:<br/>\"<img src=\"/resources/default/img/emoji/120.gif\"/>\"', '2', '2016-03-13 14:42:12', '1', '/blog//blogDetail/13', '1', '9', '13');
INSERT INTO `notice_message` VALUES ('8', '6', '您发表的博文有了新的点赞!', '[Sailing_LRH] 为您的博文点了个赞!', '2', '2016-03-13 14:42:28', '1', '/blog//blogDetail/11', '1', '9', '11');
INSERT INTO `notice_message` VALUES ('9', '1', '您发表的博文有了新的评论!', '[test] 评论:<br/>\"凑凑热闹凑凑凑凑凑凑渍渍浃浃沣沣<img src=\"/resources/default/img/emoji/101.gif\"/>\"', '2', '2016-04-03 11:56:53', '1', '/blog//blogDetail/14', '2', '9', '14');
INSERT INTO `notice_message` VALUES ('10', '1', '您发表的博文有了新的点赞!', '[test] 为您的博文点了个赞!', '2', '2016-04-03 11:57:29', '1', '/blog//blogDetail/14', '2', '9', '14');
INSERT INTO `notice_message` VALUES ('11', '1', '您发表的博文有了新的评论!', '[test] 评论:<br/>\"<img src=\"/resources/default/img/emoji/130.gif\"/>\"', '2', '2016-04-03 12:02:13', '1', '/blog//blogDetail/14', '2', '9', '14');

-- ----------------------------
-- Table structure for role
-- ----------------------------
DROP TABLE IF EXISTS `role`;
CREATE TABLE `role` (
  `id` int(11) NOT NULL AUTO_INCREMENT,
  `role_name` varchar(20) DEFAULT NULL,
  `system` tinyint(1) DEFAULT NULL,
  `music` tinyint(1) DEFAULT NULL,
  `video` tinyint(1) DEFAULT NULL,
  `photo` tinyint(1) DEFAULT NULL,
  `product` tinyint(1) DEFAULT NULL,
  `speak` tinyint(1) DEFAULT NULL,
  `blog` tinyint(1) DEFAULT NULL,
  `sport` tinyint(1) DEFAULT NULL,
  `home` tinyint(1) DEFAULT NULL,
  `game` tinyint(1) DEFAULT NULL,
  `leave_message` tinyint(1) DEFAULT NULL,
  `scenery` tinyint(1) DEFAULT NULL,
  PRIMARY KEY (`id`)
) ENGINE=InnoDB DEFAULT CHARSET=utf8;

-- ----------------------------
-- Records of role
-- ----------------------------

-- ----------------------------
-- Table structure for spitslot
-- ----------------------------
DROP TABLE IF EXISTS `spitslot`;
CREATE TABLE `spitslot` (
  `id` bigint(20) NOT NULL AUTO_INCREMENT,
  `content` varchar(5120) NOT NULL,
  `user_id` int(11) NOT NULL,
  `add_time` varchar(24) DEFAULT NULL,
  `public_type` tinyint(2) DEFAULT NULL COMMENT '公开类型',
  PRIMARY KEY (`id`),
  KEY `spitslot_user_fk` (`user_id`),
  CONSTRAINT `spitslot_user_fk` FOREIGN KEY (`user_id`) REFERENCES `user` (`id`) ON DELETE CASCADE ON UPDATE NO ACTION
) ENGINE=InnoDB AUTO_INCREMENT=115 DEFAULT CHARSET=utf8;

-- ----------------------------
-- Records of spitslot
-- ----------------------------
INSERT INTO `spitslot` VALUES ('111', '工程费库里记录', '6', '2016-01-28 22:41:34', '1');
INSERT INTO `spitslot` VALUES ('112', '我来吐吐槽<img src=\"/resources/default/img/emoji/133.gif\"/>', '1', '2016-01-28 23:25:30', '1');
INSERT INTO `spitslot` VALUES ('113', '终于拥有你,我的 Surface pro 4 <img src=\"/resources/default/img/emoji/101.gif\"/>', '1', '2016-03-03 22:19:29', '1');
INSERT INTO `spitslot` VALUES ('114', 'Sunday<img src=\"/resources/default/img/emoji/108.gif\"/>', '2', '2016-04-03 12:22:03', '1');

-- ----------------------------
-- Table structure for spitslot_comment
-- ----------------------------
DROP TABLE IF EXISTS `spitslot_comment`;
CREATE TABLE `spitslot_comment` (
  `id` bigint(20) NOT NULL AUTO_INCREMENT,
  `to_user_id` int(11) NOT NULL,
  `user_id` int(11) NOT NULL,
  `pid` bigint(20) DEFAULT NULL,
  `oid` bigint(20) DEFAULT NULL,
  `content` varchar(5120) NOT NULL,
  `time` varchar(24) DEFAULT NULL,
  `data_id` bigint(20) NOT NULL,
  PRIMARY KEY (`id`),
  KEY `comments_user_fk` (`user_id`),
  KEY `comments_to_user_fk` (`to_user_id`),
  KEY `comments_spitslot_FK` (`data_id`),
  CONSTRAINT `comments_spitslot_FK` FOREIGN KEY (`data_id`) REFERENCES `spitslot` (`id`) ON DELETE CASCADE ON UPDATE NO ACTION,
  CONSTRAINT `comments_to_user_fk` FOREIGN KEY (`to_user_id`) REFERENCES `user` (`id`) ON DELETE CASCADE ON UPDATE NO ACTION,
  CONSTRAINT `comments_user_fk` FOREIGN KEY (`user_id`) REFERENCES `user` (`id`) ON DELETE CASCADE ON UPDATE NO ACTION
) ENGINE=InnoDB AUTO_INCREMENT=7 DEFAULT CHARSET=utf8 ROW_FORMAT=COMPACT;

-- ----------------------------
-- Records of spitslot_comment
-- ----------------------------
INSERT INTO `spitslot_comment` VALUES ('1', '6', '1', '0', '0', '<img src=\"/resources/default/img/emoji/113.gif\"/>', '2016-01-31 19:23:36', '111');
INSERT INTO `spitslot_comment` VALUES ('2', '1', '1', '0', '0', '<img src=\"/resources/default/img/emoji/135.gif\"/>明天下雨了', '2016-01-31 19:23:50', '112');
INSERT INTO `spitslot_comment` VALUES ('3', '1', '1', '0', '0', '<img src=\"/resources/default/img/emoji/108.gif\"/>', '2016-03-03 22:19:47', '113');
INSERT INTO `spitslot_comment` VALUES ('4', '1', '6', '0', '0', '<img src=\"/resources/default/img/emoji/120.gif\"/>', '2016-03-12 22:49:54', '113');
INSERT INTO `spitslot_comment` VALUES ('5', '1', '1', '0', '0', '<img src=\"/resources/default/img/emoji/113.gif\"/>', '2016-04-09 11:23:45', '113');
INSERT INTO `spitslot_comment` VALUES ('6', '1', '1', '0', '0', '不会吧', '2016-04-09 11:24:14', '112');

-- ----------------------------
-- Table structure for spitslot_praise
-- ----------------------------
DROP TABLE IF EXISTS `spitslot_praise`;
CREATE TABLE `spitslot_praise` (
  `id` bigint(20) NOT NULL AUTO_INCREMENT,
  `data_id` bigint(20) NOT NULL,
  `user_id` int(11) DEFAULT NULL,
  `user_ip` varchar(24) NOT NULL,
  `time` varchar(24) NOT NULL,
  PRIMARY KEY (`id`),
  KEY `praise_user_fk` (`user_id`),
  KEY `praise_spitslot_FK` (`data_id`),
  CONSTRAINT `praise_spitslot_FK` FOREIGN KEY (`data_id`) REFERENCES `spitslot` (`id`) ON DELETE CASCADE ON UPDATE NO ACTION,
  CONSTRAINT `praise_user_fk` FOREIGN KEY (`user_id`) REFERENCES `user` (`id`) ON DELETE CASCADE ON UPDATE NO ACTION
) ENGINE=InnoDB AUTO_INCREMENT=5 DEFAULT CHARSET=utf8;

-- ----------------------------
-- Records of spitslot_praise
-- ----------------------------
INSERT INTO `spitslot_praise` VALUES ('1', '112', '1', '127.0.0.1', '2016-01-31 19:23:55');
INSERT INTO `spitslot_praise` VALUES ('2', '111', '1', '127.0.0.1', '2016-01-31 19:23:57');
INSERT INTO `spitslot_praise` VALUES ('3', '113', '1', '127.0.0.1', '2016-03-03 22:19:37');
INSERT INTO `spitslot_praise` VALUES ('4', '113', '1', '192.168.1.101', '2016-03-12 23:03:13');

-- ----------------------------
-- Table structure for spitslot_upload
-- ----------------------------
DROP TABLE IF EXISTS `spitslot_upload`;
CREATE TABLE `spitslot_upload` (
  `id` bigint(20) NOT NULL AUTO_INCREMENT,
  `spitslot_id` bigint(20) NOT NULL,
  `file_id` bigint(20) NOT NULL,
  PRIMARY KEY (`id`),
  KEY `spitslot_file_spitslot_fk` (`spitslot_id`),
  KEY `spitslot_file_upload_id` (`file_id`),
  CONSTRAINT `spitslot_file_spitslot_fk` FOREIGN KEY (`spitslot_id`) REFERENCES `spitslot` (`id`) ON DELETE CASCADE ON UPDATE NO ACTION
) ENGINE=InnoDB DEFAULT CHARSET=utf8;

-- ----------------------------
-- Records of spitslot_upload
-- ----------------------------

-- ----------------------------
-- Table structure for user
-- ----------------------------
DROP TABLE IF EXISTS `user`;
CREATE TABLE `user` (
  `id` int(11) NOT NULL AUTO_INCREMENT,
  `role_id` int(11) DEFAULT NULL,
  `user_name` varchar(32) DEFAULT NULL,
  `password` varchar(32) DEFAULT NULL,
  `nick_name` varchar(32) DEFAULT NULL,
  `email` varchar(50) DEFAULT NULL,
  `sign` varchar(200) DEFAULT NULL,
  `action_code` varchar(6) DEFAULT NULL,
  `is_action` tinyint(1) DEFAULT NULL COMMENT '1:可用 0或其它:不可用',
  `regist_time` varchar(32) DEFAULT NULL,
  `last_login_time` varchar(32) DEFAULT NULL,
  `sex` smallint(2) DEFAULT '0' COMMENT '1:男 2:女 0或其它:未知性别',
  PRIMARY KEY (`id`),
  KEY `FK_USER_REFERENCE_ROLE` (`role_id`),
  CONSTRAINT `FK_USER_REFERENCE_ROLE` FOREIGN KEY (`role_id`) REFERENCES `role` (`id`)
) ENGINE=InnoDB AUTO_INCREMENT=7 DEFAULT CHARSET=utf8;

-- ----------------------------
-- Records of user
-- ----------------------------
INSERT INTO `user` VALUES ('1', null, 'Sailing_LRH', 'e10adc3949ba59abbe56e057f20f883e', '开发者小海', '763068717@QQ.COM', null, null, '1', null, '2016-04-17 14:50:36', '1');
INSERT INTO `user` VALUES ('2', null, 'test', 'e10adc3949ba59abbe56e057f20f883e', '测试账号', '12014659878@qq.com', null, null, '1', null, '2016-04-17 15:35:08', '2');
INSERT INTO `user` VALUES ('4', null, 'LRH2015', 'e10adc3949ba59abbe56e057f20f883e', null, '', null, '152774', '1', null, '2015-12-26 16:35:51', '0');
INSERT INTO `user` VALUES ('5', null, 'LRH2014', 'e10adc3949ba59abbe56e057f20f883e', null, '12142659878@qq.com', null, '661454', '1', null, '2015-12-27 11:45:43', '0');
INSERT INTO `user` VALUES ('6', null, 'test123', 'e10adc3949ba59abbe56e057f20f883e', '[暂无昵称]', '1214659878@qq.com', null, '306008', '1', '2015-10-07 11:18:55', '2016-04-17 15:36:01', '2');

-- ----------------------------
-- Table structure for user_head_img
-- ----------------------------
DROP TABLE IF EXISTS `user_head_img`;
CREATE TABLE `user_head_img` (
  `id` int(11) NOT NULL AUTO_INCREMENT,
  `user_id` int(11) NOT NULL,
  `img_url` varchar(255) NOT NULL,
  `is_default` tinyint(1) NOT NULL DEFAULT '0',
  `add_time` varchar(24) DEFAULT NULL COMMENT '头像上传时间',
  `update_time` varchar(24) DEFAULT NULL COMMENT '设为默认时更新一次这个时间',
  PRIMARY KEY (`id`),
  KEY `user_img_fk` (`user_id`),
  CONSTRAINT `user_img_fk` FOREIGN KEY (`user_id`) REFERENCES `user` (`id`) ON DELETE CASCADE ON UPDATE NO ACTION
) ENGINE=InnoDB AUTO_INCREMENT=33 DEFAULT CHARSET=utf8;

-- ----------------------------
-- Records of user_head_img
-- ----------------------------
INSERT INTO `user_head_img` VALUES ('20', '4', 'F:/LRH/upload/images/headImg/LRH2015/20151124222438.jpg', '1', '2015-11-24 22:24:40', '2015-11-24 22:24:40');
INSERT INTO `user_head_img` VALUES ('21', '5', 'F:/LRH/upload/images/headImg/LRH2014/20151124222643.png', '1', '2015-11-24 22:26:44', '2015-11-24 22:26:44');
INSERT INTO `user_head_img` VALUES ('23', '2', 'F:/LRH/upload/images/headImg/test/20151128145522.jpg', '0', '2015-11-28 14:55:26', '2015-11-28 14:55:26');
INSERT INTO `user_head_img` VALUES ('27', '1', 'C:/LRH/upload/images/headImg/Sailing_LRH/20160305174301.jpg', '0', '2016-03-05 17:43:04', '2016-03-05 17:43:04');
INSERT INTO `user_head_img` VALUES ('28', '6', 'C:/LRH/upload/images/headImg/test123/20160312212407.jpg', '0', '2016-03-12 21:24:10', '2016-03-12 21:24:10');
INSERT INTO `user_head_img` VALUES ('29', '1', 'C:/LRH/upload/images/headImg/Sailing_LRH/20160312231153.jpg', '1', '2016-03-12 23:11:56', '2016-03-16 22:05:39');
INSERT INTO `user_head_img` VALUES ('30', '1', 'C:/LRH/upload/images/headImg/Sailing_LRH/20160312231300.jpg', '0', '2016-03-12 23:13:02', '2016-03-12 23:13:02');
INSERT INTO `user_head_img` VALUES ('31', '6', 'C:/LRH/upload/images/headImg/test123/20160315214021.jpg', '1', '2016-03-15 21:40:25', '2016-03-15 21:40:25');
INSERT INTO `user_head_img` VALUES ('32', '2', 'C:/LRH/upload/images/headImg/test/20160409104357.jpg', '1', '2016-04-09 10:44:01', '2016-04-09 10:44:01');

-- ----------------------------
-- Table structure for user_upload_file
-- ----------------------------
DROP TABLE IF EXISTS `user_upload_file`;
CREATE TABLE `user_upload_file` (
  `id` bigint(20) NOT NULL AUTO_INCREMENT COMMENT '主键',
  `file_type` int(11) NOT NULL,
  `file_url` varchar(255) NOT NULL,
  `file_name` varchar(32) NOT NULL,
  `upload_time` varchar(24) DEFAULT NULL,
  `user_id` int(11) NOT NULL,
  `file_desc` varchar(512) DEFAULT NULL,
  `file_size` varchar(24) DEFAULT NULL,
  PRIMARY KEY (`id`),
  KEY `upload_user_fk` (`user_id`),
  CONSTRAINT `upload_user_fk` FOREIGN KEY (`user_id`) REFERENCES `user` (`id`) ON DELETE CASCADE ON UPDATE NO ACTION
) ENGINE=InnoDB AUTO_INCREMENT=119 DEFAULT CHARSET=utf8;

-- ----------------------------
-- Records of user_upload_file
-- ----------------------------
INSERT INTO `user_upload_file` VALUES ('1', '1', 'F:/LRH/upload/images/spitslot/test123/20151104222136.JPG', '20151104222136.JPG', '2015-11-04 22:21:36', '6', '用户在发表吐槽时上传的图片', '106.46KB');
INSERT INTO `user_upload_file` VALUES ('2', '1', 'F:/LRH/upload/images/spitslot/test123/20151104222528.jpg', '20151104222528.jpg', '2015-11-04 22:25:28', '6', '用户在发表吐槽时上传的图片', '1.89MB');
INSERT INTO `user_upload_file` VALUES ('3', '1', 'F:/LRH/upload/images/spitslot/test123/20151104222617.jpg', '20151104222617.jpg', '2015-11-04 22:26:17', '6', '用户在发表吐槽时上传的图片', '709.64KB');
INSERT INTO `user_upload_file` VALUES ('4', '1', 'F:/LRH/upload/images/spitslot/test123/20151104222711.jpeg', '20151104222711.jpeg', '2015-11-04 22:27:11', '6', '用户在发表吐槽时上传的图片', '51.77KB');
INSERT INTO `user_upload_file` VALUES ('5', '1', 'F:/LRH/upload/images/spitslot/test123/20151104222748.png', '20151104222748.png', '2015-11-04 22:27:48', '6', '用户在发表吐槽时上传的图片', '815.95KB');
INSERT INTO `user_upload_file` VALUES ('6', '1', 'F:/LRH/upload/images/spitslot/test123/20151104222758.jpg', '20151104222758.jpg', '2015-11-04 22:27:58', '6', '用户在发表吐槽时上传的图片', '125.10KB');
INSERT INTO `user_upload_file` VALUES ('7', '1', 'F:/LRH/upload/images/spitslot/test123/20151104222835.png', '20151104222835.png', '2015-11-04 22:28:35', '6', '用户在发表吐槽时上传的图片', '11.99KB');
INSERT INTO `user_upload_file` VALUES ('8', '1', 'F:/LRH/upload/images/spitslot/test123/20151104222842.jpg', '20151104222842.jpg', '2015-11-04 22:28:42', '6', '用户在发表吐槽时上传的图片', '274.97KB');
INSERT INTO `user_upload_file` VALUES ('9', '1', 'F:/LRH/upload/images/spitslot/test123/20151104222852.jpg', '20151104222852.jpg', '2015-11-04 22:28:52', '6', '用户在发表吐槽时上传的图片', '41.83KB');
INSERT INTO `user_upload_file` VALUES ('10', '1', 'F:/LRH/upload/images/spitslot/test123/20151105203058.png', '20151105203058.png', '2015-11-05 20:30:58', '6', '用户在发表吐槽时上传的图片', '306.94KB');
INSERT INTO `user_upload_file` VALUES ('11', '1', 'F:/LRH/upload/images/spitslot/test123/20151105203102.jpg', '20151105203102.jpg', '2015-11-05 20:31:02', '6', '用户在发表吐槽时上传的图片', '343.39KB');
INSERT INTO `user_upload_file` VALUES ('12', '1', 'F:/LRH/upload/images/spitslot/test123/20151105203109.jpg', '20151105203109.jpg', '2015-11-05 20:31:09', '6', '用户在发表吐槽时上传的图片', '99.29KB');
INSERT INTO `user_upload_file` VALUES ('13', '1', 'F:/LRH/upload/images/spitslot/test123/20151105203113.jpg', '20151105203113.jpg', '2015-11-05 20:31:13', '6', '用户在发表吐槽时上传的图片', '368.95KB');
INSERT INTO `user_upload_file` VALUES ('14', '1', 'F:/LRH/upload/images/spitslot/test123/20151105203117.png', '20151105203117.png', '2015-11-05 20:31:17', '6', '用户在发表吐槽时上传的图片', '1.12MB');
INSERT INTO `user_upload_file` VALUES ('15', '1', 'F:/LRH/upload/images/spitslot/test123/20151105203123.jpg', '20151105203123.jpg', '2015-11-05 20:31:23', '6', '用户在发表吐槽时上传的图片', '125.10KB');
INSERT INTO `user_upload_file` VALUES ('16', '1', 'F:/LRH/upload/images/spitslot/test123/20151105203129.jpeg', '20151105203129.jpeg', '2015-11-05 20:31:29', '6', '用户在发表吐槽时上传的图片', '51.77KB');
INSERT INTO `user_upload_file` VALUES ('17', '1', 'F:/LRH/upload/images/spitslot/test123/20151105203136.jpg', '20151105203136.jpg', '2015-11-05 20:31:36', '6', '用户在发表吐槽时上传的图片', '274.97KB');
INSERT INTO `user_upload_file` VALUES ('18', '1', 'F:/LRH/upload/images/spitslot/test123/20151105203142.jpg', '20151105203142.jpg', '2015-11-05 20:31:42', '6', '用户在发表吐槽时上传的图片', '41.83KB');
INSERT INTO `user_upload_file` VALUES ('19', '1', 'F:/LRH/upload/images/spitslot/test123/20151105204908.gif', '20151105204908.gif', '2015-11-05 20:49:08', '6', '用户在发表吐槽时上传的图片', '260.61KB');
INSERT INTO `user_upload_file` VALUES ('20', '1', 'F:/LRH/upload/images/spitslot/test123/20151105204918.jpg', '20151105204918.jpg', '2015-11-05 20:49:18', '6', '用户在发表吐槽时上传的图片', '99.29KB');
INSERT INTO `user_upload_file` VALUES ('21', '1', 'F:/LRH/upload/images/spitslot/test123/20151105204925.png', '20151105204925.png', '2015-11-05 20:49:25', '6', '用户在发表吐槽时上传的图片', '11.99KB');
INSERT INTO `user_upload_file` VALUES ('22', '1', 'F:/LRH/upload/images/spitslot/test123/20151105204933.jpg', '20151105204933.jpg', '2015-11-05 20:49:33', '6', '用户在发表吐槽时上传的图片', '666.68KB');
INSERT INTO `user_upload_file` VALUES ('23', '1', 'F:/LRH/upload/images/spitslot/test123/20151105205001.png', '20151105205001.png', '2015-11-05 20:50:01', '6', '用户在发表吐槽时上传的图片', '1.12MB');
INSERT INTO `user_upload_file` VALUES ('24', '1', 'F:/LRH/upload/images/spitslot/test123/20151105205005.JPG', '20151105205005.JPG', '2015-11-05 20:50:05', '6', '用户在发表吐槽时上传的图片', '106.46KB');
INSERT INTO `user_upload_file` VALUES ('25', '1', 'F:/LRH/upload/images/spitslot/test123/20151105205009.jpg', '20151105205009.jpg', '2015-11-05 20:50:09', '6', '用户在发表吐槽时上传的图片', '95.85KB');
INSERT INTO `user_upload_file` VALUES ('26', '1', 'F:/LRH/upload/images/spitslot/test123/20151105205015.png', '20151105205015.png', '2015-11-05 20:50:15', '6', '用户在发表吐槽时上传的图片', '815.95KB');
INSERT INTO `user_upload_file` VALUES ('27', '1', 'F:/LRH/upload/images/spitslot/test123/20151105214422.png', '20151105214422.png', '2015-11-05 21:44:22', '6', '用户在发表吐槽时上传的图片', '306.94KB');
INSERT INTO `user_upload_file` VALUES ('28', '1', 'F:/LRH/upload/images/spitslot/test123/20151105214641.jpg', '20151105214641.jpg', '2015-11-05 21:46:42', '6', '用户在发表吐槽时上传的图片', '99.29KB');
INSERT INTO `user_upload_file` VALUES ('29', '1', 'F:/LRH/upload/images/spitslot/test123/20151105214647.jpg', '20151105214647.jpg', '2015-11-05 21:46:47', '6', '用户在发表吐槽时上传的图片', '368.95KB');
INSERT INTO `user_upload_file` VALUES ('30', '1', 'F:/LRH/upload/images/spitslot/test123/20151105220027.jpg', '20151105220027.jpg', '2015-11-05 22:00:27', '6', '用户在发表吐槽时上传的图片', '368.95KB');
INSERT INTO `user_upload_file` VALUES ('31', '1', 'F:/LRH/upload/images/spitslot/test123/20151105230252.jpg', '20151105230252.jpg', '2015-11-05 23:02:55', '6', '用户在发表吐槽时上传的图片', '368.95KB');
INSERT INTO `user_upload_file` VALUES ('32', '1', 'F:/LRH/upload/images/spitslot/test123/20151105230332.jpg', '20151105230332.jpg', '2015-11-05 23:03:32', '6', '用户在发表吐槽时上传的图片', '274.97KB');
INSERT INTO `user_upload_file` VALUES ('33', '1', 'F:/LRH/upload/images/spitslot/test123/20151105230537.jpg', '20151105230537.jpg', '2015-11-05 23:05:41', '6', '用户在发表吐槽时上传的图片', '274.97KB');
INSERT INTO `user_upload_file` VALUES ('34', '1', 'F:/LRH/upload/images/spitslot/test123/20151105230854.jpg', '20151105230854.jpg', '2015-11-05 23:08:56', '6', '用户在发表吐槽时上传的图片', '274.97KB');
INSERT INTO `user_upload_file` VALUES ('35', '1', 'F:/LRH/upload/images/spitslot/test123/20151105231057.jpg', '20151105231057.jpg', '2015-11-05 23:10:59', '6', '用户在发表吐槽时上传的图片', '95.85KB');
INSERT INTO `user_upload_file` VALUES ('36', '1', 'F:/LRH/upload/images/spitslot/test123/20151105231629.jpg', '20151105231629.jpg', '2015-11-05 23:16:29', '6', '用户在发表吐槽时上传的图片', '274.97KB');
INSERT INTO `user_upload_file` VALUES ('37', '1', 'F:/LRH/upload/images/spitslot/test123/20151105232320.jpg', '20151105232320.jpg', '2015-11-05 23:23:20', '6', '用户在发表吐槽时上传的图片', '41.83KB');
INSERT INTO `user_upload_file` VALUES ('38', '1', 'F:/LRH/upload/images/spitslot/test123/20151105232656.png', '20151105232656.png', '2015-11-05 23:26:56', '6', '用户在发表吐槽时上传的图片', '306.94KB');
INSERT INTO `user_upload_file` VALUES ('39', '1', 'F:/LRH/upload/images/spitslot/test123/20151106212111.png', '20151106212111.png', '2015-11-06 21:21:12', '6', '用户在发表吐槽时上传的图片', '306.94KB');
INSERT INTO `user_upload_file` VALUES ('40', '1', 'F:/LRH/upload/images/spitslot/test123/20151106212204.png', '20151106212204.png', '2015-11-06 21:22:04', '6', '用户在发表吐槽时上传的图片', '306.94KB');
INSERT INTO `user_upload_file` VALUES ('41', '1', 'F:/LRH/upload/images/spitslot/test123/20151106212249.jpeg', '20151106212249.jpeg', '2015-11-06 21:22:49', '6', '用户在发表吐槽时上传的图片', '51.77KB');
INSERT INTO `user_upload_file` VALUES ('42', '1', 'F:/LRH/upload/images/spitslot/test123/20151106213028.png', '20151106213028.png', '2015-11-06 21:30:28', '6', '用户在发表吐槽时上传的图片', '306.94KB');
INSERT INTO `user_upload_file` VALUES ('43', '1', 'F:/LRH/upload/images/spitslot/test123/20151106213322.png', '20151106213322.png', '2015-11-06 21:33:22', '6', '用户在发表吐槽时上传的图片', '306.94KB');
INSERT INTO `user_upload_file` VALUES ('44', '1', 'F:/LRH/upload/images/spitslot/test123/20151106215628.png', '20151106215628.png', '2015-11-06 21:56:28', '6', '用户在发表吐槽时上传的图片', '306.94KB');
INSERT INTO `user_upload_file` VALUES ('45', '1', 'F:/LRH/upload/images/spitslot/test123/20151106215750.png', '20151106215750.png', '2015-11-06 21:57:50', '6', '用户在发表吐槽时上传的图片', '1.12MB');
INSERT INTO `user_upload_file` VALUES ('46', '1', 'F:/LRH/upload/images/spitslot/test123/20151106224232.jpg', '20151106224232.jpg', '2015-11-06 22:42:32', '6', '用户在发表吐槽时上传的图片', '274.97KB');
INSERT INTO `user_upload_file` VALUES ('47', '1', 'F:/LRH/upload/images/spitslot/test123/20151106224320.jpeg', '20151106224320.jpeg', '2015-11-06 22:43:20', '6', '用户在发表吐槽时上传的图片', '51.77KB');
INSERT INTO `user_upload_file` VALUES ('48', '1', 'F:/LRH/upload/images/spitslot/test123/20151106224452.jpg', '20151106224452.jpg', '2015-11-06 22:44:52', '6', '用户在发表吐槽时上传的图片', '95.85KB');
INSERT INTO `user_upload_file` VALUES ('49', '1', 'F:/LRH/upload/images/spitslot/test123/20151106224851.JPG', '20151106224851.JPG', '2015-11-06 22:48:51', '6', '用户在发表吐槽时上传的图片', '106.46KB');
INSERT INTO `user_upload_file` VALUES ('51', '1', 'F:/LRH/upload/images/spitslot/test123/20151107205001.jpg', '20151107205001.jpg', '2015-11-07 20:50:01', '6', '用户在发表吐槽时上传的图片', '274.97KB');
INSERT INTO `user_upload_file` VALUES ('52', '1', 'F:/LRH/upload/images/spitslot/test123/20151107205019.jpeg', '20151107205019.jpeg', '2015-11-07 20:50:19', '6', '用户在发表吐槽时上传的图片', '51.77KB');
INSERT INTO `user_upload_file` VALUES ('53', '1', 'F:/LRH/upload/images/spitslot/test123/20151108133355.jpg', '20151108133355.jpg', '2015-11-08 13:33:55', '6', '用户在发表吐槽时上传的图片', '274.97KB');
INSERT INTO `user_upload_file` VALUES ('54', '1', 'F:/LRH/upload/images/spitslot/test123/20151108133806.gif', '20151108133806.gif', '2015-11-08 13:38:06', '6', '用户在发表吐槽时上传的图片', '260.61KB');
INSERT INTO `user_upload_file` VALUES ('55', '1', 'F:/LRH/upload/images/spitslot/test123/20151108133822.jpg', '20151108133822.jpg', '2015-11-08 13:38:22', '6', '用户在发表吐槽时上传的图片', '359.49KB');
INSERT INTO `user_upload_file` VALUES ('56', '1', 'F:/LRH/upload/images/spitslot/test123/20151108152949.jpg', '20151108152949.jpg', '2015-11-08 15:29:49', '6', '用户在发表吐槽时上传的图片', '95.85KB');
INSERT INTO `user_upload_file` VALUES ('57', '1', 'F:/LRH/upload/images/spitslot/test123/20151108161737.jpg', '20151108161737.jpg', '2015-11-08 16:17:37', '6', '用户在发表吐槽时上传的图片', '338.95KB');
INSERT INTO `user_upload_file` VALUES ('58', '1', 'F:/LRH/upload/images/spitslot/test123/20151108161759.png', '20151108161759.png', '2015-11-08 16:17:59', '6', '用户在发表吐槽时上传的图片', '332.42KB');
INSERT INTO `user_upload_file` VALUES ('59', '1', 'F:/LRH/upload/images/spitslot/test123/20151108162123.png', '20151108162123.png', '2015-11-08 16:21:23', '6', '用户在发表吐槽时上传的图片', '11.99KB');
INSERT INTO `user_upload_file` VALUES ('61', '1', 'F:/LRH/upload/images/spitslot/test123/20151108164313.jpg', '20151108164313.jpg', '2015-11-08 16:43:13', '6', '用户在发表吐槽时上传的图片', '203.70KB');
INSERT INTO `user_upload_file` VALUES ('62', '1', 'F:/LRH/upload/images/spitslot/test123/20151108170510.jpg', '20151108170510.jpg', '2015-11-08 17:05:10', '6', '用户在发表吐槽时上传的图片', '203.70KB');
INSERT INTO `user_upload_file` VALUES ('64', '1', 'F:/LRH/upload/images/spitslot/test123/20151108170636.JPG', '20151108170636.JPG', '2015-11-08 17:06:36', '6', '用户在发表吐槽时上传的图片', '106.46KB');
INSERT INTO `user_upload_file` VALUES ('65', '1', 'F:/LRH/upload/images/spitslot/test123/20151108214110.jpg', '20151108214110.jpg', '2015-11-08 21:41:10', '6', '用户在发表吐槽时上传的图片', '114.82KB');
INSERT INTO `user_upload_file` VALUES ('66', '1', 'F:/LRH/upload/images/spitslot/test123/20151108214259.jpg', '20151108214259.jpg', '2015-11-08 21:42:59', '6', '用户在发表吐槽时上传的图片', '244.18KB');
INSERT INTO `user_upload_file` VALUES ('67', '1', 'F:/LRH/upload/images/spitslot/test123/20151108215442.gif', '20151108215442.gif', '2015-11-08 21:54:42', '6', '用户在发表吐槽时上传的图片', '3.25KB');
INSERT INTO `user_upload_file` VALUES ('68', '1', 'F:/LRH/upload/images/spitslot/test123/20151108220000.jpg', '20151108220000.jpg', '2015-11-08 22:00:02', '6', '用户在发表吐槽时上传的图片', '30.95KB');
INSERT INTO `user_upload_file` VALUES ('69', '1', 'F:/LRH/upload/images/spitslot/test123/20151108220136.jpeg', '20151108220136.jpeg', '2015-11-08 22:01:36', '6', '用户在发表吐槽时上传的图片', '51.77KB');
INSERT INTO `user_upload_file` VALUES ('70', '1', 'F:/LRH/upload/images/spitslot/test123/20151108220143.jpg', '20151108220143.jpg', '2015-11-08 22:01:43', '6', '用户在发表吐槽时上传的图片', '41.83KB');
INSERT INTO `user_upload_file` VALUES ('71', '1', 'F:/LRH/upload/images/spitslot/test123/20151108220304.png', '20151108220304.png', '2015-11-08 22:03:04', '6', '用户在发表吐槽时上传的图片', '16.48KB');
INSERT INTO `user_upload_file` VALUES ('72', '1', 'F:/LRH/upload/images/spitslot/test123/20151108220357.jpg', '20151108220357.jpg', '2015-11-08 22:03:57', '6', '用户在发表吐槽时上传的图片', '898.97KB');
INSERT INTO `user_upload_file` VALUES ('73', '1', 'F:/LRH/upload/images/spitslot/test123/20151108220556.jpg', '20151108220556.jpg', '2015-11-08 22:05:56', '6', '用户在发表吐槽时上传的图片', '712.11KB');
INSERT INTO `user_upload_file` VALUES ('74', '1', 'F:/LRH/upload/images/spitslot/test123/20151108220603.jpg', '20151108220603.jpg', '2015-11-08 22:06:03', '6', '用户在发表吐槽时上传的图片', '709.64KB');
INSERT INTO `user_upload_file` VALUES ('75', '1', 'F:/LRH/upload/images/spitslot/test123/20151108220830.jpg', '20151108220830.jpg', '2015-11-08 22:08:30', '6', '用户在发表吐槽时上传的图片', '1.43MB');
INSERT INTO `user_upload_file` VALUES ('76', '1', 'F:/LRH/upload/images/spitslot/test123/20151108222619.jpg', '20151108222619.jpg', '2015-11-08 22:26:20', '6', '用户在发表吐槽时上传的图片', '203.70KB');
INSERT INTO `user_upload_file` VALUES ('77', '1', 'F:/LRH/upload/images/spitslot/Sailing_LRH/20151109210935.jpg', '20151109210935.jpg', '2015-11-09 21:09:35', '1', '用户在发表吐槽时上传的图片', '114.82KB');
INSERT INTO `user_upload_file` VALUES ('78', '1', 'F:/LRH/upload/images/spitslot/Sailing_LRH/20151109211044.jpg', '20151109211044.jpg', '2015-11-09 21:10:44', '1', '用户在发表吐槽时上传的图片', '368.95KB');
INSERT INTO `user_upload_file` VALUES ('79', '1', 'F:/LRH/upload/images/spitslot/Sailing_LRH/20151111230248.png', '20151111230248.png', '2015-11-11 23:02:48', '1', '用户在发表吐槽时上传的图片', '127.23KB');
INSERT INTO `user_upload_file` VALUES ('80', '1', 'F:/LRH/upload/images/spitslot/Sailing_LRH/20151115214652.gif', '20151115214652.gif', '2015-11-15 21:46:52', '1', '用户在发表吐槽时上传的图片', '3.85KB');
INSERT INTO `user_upload_file` VALUES ('82', '1', 'F:/LRH/upload/images/spitslot/Sailing_LRH/20151121225958.png', '20151121225958.png', '2015-11-21 22:59:58', '1', '用户在发表吐槽时上传的图片', '145.49KB');
INSERT INTO `user_upload_file` VALUES ('83', '1', 'F:/LRH/upload/images/spitslot/Sailing_LRH/20151121230027.jpg', '20151121230027.jpg', '2015-11-21 23:00:27', '1', '用户在发表吐槽时上传的图片', '192.56KB');
INSERT INTO `user_upload_file` VALUES ('84', '1', 'F:/LRH/upload/images/spitslot/test123/20151122142337.jpg', '20151122142337.jpg', '2015-11-22 14:23:38', '6', '用户在发表吐槽时上传的图片', '93.12KB');
INSERT INTO `user_upload_file` VALUES ('85', '1', 'F:/LRH/upload/images/spitslot/test123/20151122142341.jpg', '20151122142341.jpg', '2015-11-22 14:23:41', '6', '用户在发表吐槽时上传的图片', '191.93KB');
INSERT INTO `user_upload_file` VALUES ('86', '1', 'F:/LRH/upload/images/spitslot/test123/20151122142512.jpg', '20151122142512.jpg', '2015-11-22 14:25:12', '6', '用户在发表吐槽时上传的图片', '124.46KB');
INSERT INTO `user_upload_file` VALUES ('87', '1', 'F:/LRH/upload/images/spitslot/test123/20151122142612.jpg', '20151122142612.jpg', '2015-11-22 14:26:12', '6', '用户在发表吐槽时上传的图片', '542.09KB');
INSERT INTO `user_upload_file` VALUES ('88', '1', 'F:/LRH/upload/images/spitslot/test123/20151122234015.jpg', '20151122234015.jpg', '2015-11-22 23:40:15', '6', '用户在发表吐槽时上传的图片', '1.54MB');
INSERT INTO `user_upload_file` VALUES ('89', '1', 'F:/LRH/upload/images/spitslot/Sailing_LRH/20151125205018.png', '20151125205018.png', '2015-11-25 20:50:18', '1', '用户在发表吐槽时上传的图片', '145.49KB');
INSERT INTO `user_upload_file` VALUES ('90', '1', 'F:/LRH/upload/images/spitslot/Sailing_LRH/20151125210703.jpg', '20151125210703.jpg', '2015-11-25 21:07:03', '1', '用户在发表吐槽时上传的图片', '95.85KB');
INSERT INTO `user_upload_file` VALUES ('91', '1', 'F:/LRH/upload/images/spitslot/test/20151128145850.png', '20151128145850.png', '2015-11-28 14:58:50', '2', '用户在发表吐槽时上传的图片', '615.21KB');
INSERT INTO `user_upload_file` VALUES ('92', '1', 'F:/LRH/upload/images/spitslot/test123/20151223222220.png', '20151223222220.png', '2015-12-23 22:22:20', '6', '用户在发表吐槽时上传的图片', '17.57KB');
INSERT INTO `user_upload_file` VALUES ('93', '1', 'F:/LRH/upload/images/spitslot/test/20151226170145.png', '20151226170145.png', '2015-12-26 17:01:45', '2', '用户在发表吐槽时上传的图片', '6.88KB');
INSERT INTO `user_upload_file` VALUES ('94', '1', 'F:/LRH/upload/images/spitslot/test/20151226170245.jpg', '20151226170245.jpg', '2015-12-26 17:02:45', '2', '用户在发表吐槽时上传的图片', '253.28KB');
INSERT INTO `user_upload_file` VALUES ('95', '1', 'F:/LRH/upload/images/spitslot/test/20151226170253.png', '20151226170253.png', '2015-12-26 17:02:53', '2', '用户在发表吐槽时上传的图片', '1.08MB');
INSERT INTO `user_upload_file` VALUES ('96', '1', 'F:/LRH/upload/images/spitslot/Sailing_LRH/20151227155430.jpg', '20151227155430.jpg', '2015-12-27 15:54:30', '1', '用户在发表吐槽时上传的图片', '782.09KB');
INSERT INTO `user_upload_file` VALUES ('98', '1', 'F:/LRH/upload/images/spitslot/Sailing_LRH/20160106222621.jpg', '20160106222621.jpg', '2016-01-06 22:26:21', '1', '用户在发表吐槽时上传的图片', '1.80MB');
INSERT INTO `user_upload_file` VALUES ('99', '1', 'F:/LRH/upload/images/spitslot/test123/20160109000232.jpg', '20160109000232.jpg', '2016-01-09 00:02:33', '6', '用户在发表吐槽时上传的图片', '798.91KB');
INSERT INTO `user_upload_file` VALUES ('100', '1', 'F:/LRH/upload/images/spitslot/test123/20160109000308.jpg', '20160109000308.jpg', '2016-01-09 00:03:08', '6', '用户在发表吐槽时上传的图片', '639.99KB');
INSERT INTO `user_upload_file` VALUES ('101', '1', 'F:/LRH/upload/images/spitslot/test123/20160109000318.jpg', '20160109000318.jpg', '2016-01-09 00:03:18', '6', '用户在发表吐槽时上传的图片', '743.01KB');
INSERT INTO `user_upload_file` VALUES ('102', '1', 'F:/LRH/upload/images/spitslot/test123/20160109000329.png', '20160109000329.png', '2016-01-09 00:03:29', '6', '用户在发表吐槽时上传的图片', '1.67MB');
INSERT INTO `user_upload_file` VALUES ('103', '1', 'F:/LRH/upload/images/spitslot/test123/20160109000334.png', '20160109000334.png', '2016-01-09 00:03:34', '6', '用户在发表吐槽时上传的图片', '1.52MB');
INSERT INTO `user_upload_file` VALUES ('104', '1', 'F:/LRH/upload/images/spitslot/test123/20160109000338.png', '20160109000338.png', '2016-01-09 00:03:38', '6', '用户在发表吐槽时上传的图片', '1.62MB');
INSERT INTO `user_upload_file` VALUES ('105', '1', 'F:/LRH/upload/images/spitslot/test123/20160109002140.png', '20160109002140.png', '2016-01-09 00:21:40', '6', '用户在发表吐槽时上传的图片', '845.04KB');
INSERT INTO `user_upload_file` VALUES ('106', '1', 'F:/LRH/upload/images/spitslot/test123/20160109155041.png', '20160109155041.png', '2016-01-09 15:50:42', '6', '用户在发表吐槽时上传的图片', '1.67MB');
INSERT INTO `user_upload_file` VALUES ('107', '1', 'F:/LRH/upload/images/spitslot/test123/20160116215657.jpg', '20160116215657.jpg', '2016-01-16 21:56:59', '6', '用户在发表吐槽时上传的图片', '343.39KB');
INSERT INTO `user_upload_file` VALUES ('108', '1', 'F:/LRH/upload/images/spitslot/test123/20160116215716.png', '20160116215716.png', '2016-01-16 21:57:16', '6', '用户在发表吐槽时上传的图片', '28.79KB');
INSERT INTO `user_upload_file` VALUES ('109', '1', 'F:/LRH/upload/images/spitslot/test123/20160116225845.jpg', '20160116225845.jpg', '2016-01-16 22:58:45', '6', '用户在发表吐槽时上传的图片', '404.89KB');
INSERT INTO `user_upload_file` VALUES ('110', '1', 'F:/LRH/upload/images/spitslot/test123/20160116225857.png', '20160116225857.png', '2016-01-16 22:58:57', '6', '用户在发表吐槽时上传的图片', '67.39KB');
INSERT INTO `user_upload_file` VALUES ('111', '1', 'F:/LRH/upload/images/spitslot/test123/20160116230241.png', '20160116230241.png', '2016-01-16 23:02:41', '6', '用户在发表吐槽时上传的图片', '67.39KB');
INSERT INTO `user_upload_file` VALUES ('112', '1', 'F:/LRH/upload/images/spitslot/test123/20160116230343.png', '20160116230343.png', '2016-01-16 23:03:43', '6', '用户在发表吐槽时上传的图片', '67.39KB');
INSERT INTO `user_upload_file` VALUES ('116', '1', 'F:/LRH/upload/images/spitslot/test123/20160116230541.jpg', '20160116230541.jpg', '2016-01-16 23:05:41', '6', '用户在发表吐槽时上传的图片', '1.94MB');
INSERT INTO `user_upload_file` VALUES ('117', '1', 'F:/LRH/upload/images/spitslot/test123/20160127214240.jpg', '20160127214240.jpg', '2016-01-27 21:42:41', '6', '用户在发表吐槽时上传的图片', '1.43MB');
INSERT INTO `user_upload_file` VALUES ('118', '1', 'F:/LRH/upload/images/spitslot/test123/20160127214332.jpg', '20160127214332.jpg', '2016-01-27 21:43:32', '6', '用户在发表吐槽时上传的图片', '612.62KB');
